-- phpMyAdmin SQL Dump
-- version 5.1.0
-- https://www.phpmyadmin.net/
--
-- Hôte : 127.0.0.1
-- Généré le : lun. 10 oct. 2022 à 00:12
-- Version du serveur :  10.4.19-MariaDB
-- Version de PHP : 7.4.19

SET SQL_MODE = "NO_AUTO_VALUE_ON_ZERO";
START TRANSACTION;
SET time_zone = "+00:00";


/*!40101 SET @OLD_CHARACTER_SET_CLIENT=@@CHARACTER_SET_CLIENT */;
/*!40101 SET @OLD_CHARACTER_SET_RESULTS=@@CHARACTER_SET_RESULTS */;
/*!40101 SET @OLD_COLLATION_CONNECTION=@@COLLATION_CONNECTION */;
/*!40101 SET NAMES utf8mb4 */;

--
-- Base de données : `commerce_api`
--

-- --------------------------------------------------------

--
-- Structure de la table `failed_jobs`
--

CREATE TABLE `failed_jobs` (
  `id` bigint(20) UNSIGNED NOT NULL,
  `uuid` varchar(255) COLLATE utf8mb4_unicode_ci NOT NULL,
  `connection` text COLLATE utf8mb4_unicode_ci NOT NULL,
  `queue` text COLLATE utf8mb4_unicode_ci NOT NULL,
  `payload` longtext COLLATE utf8mb4_unicode_ci NOT NULL,
  `exception` longtext COLLATE utf8mb4_unicode_ci NOT NULL,
  `failed_at` timestamp NOT NULL DEFAULT current_timestamp()
) ENGINE=InnoDB DEFAULT CHARSET=utf8mb4 COLLATE=utf8mb4_unicode_ci;

-- --------------------------------------------------------

--
-- Structure de la table `migrations`
--

CREATE TABLE `migrations` (
  `id` int(10) UNSIGNED NOT NULL,
  `migration` varchar(255) COLLATE utf8mb4_unicode_ci NOT NULL,
  `batch` int(11) NOT NULL
) ENGINE=InnoDB DEFAULT CHARSET=utf8mb4 COLLATE=utf8mb4_unicode_ci;

--
-- Déchargement des données de la table `migrations`
--

INSERT INTO `migrations` (`id`, `migration`, `batch`) VALUES
(1, '2014_10_12_000000_create_users_table', 1),
(2, '2014_10_12_100000_create_password_resets_table', 1),
(3, '2019_08_19_000000_create_failed_jobs_table', 1),
(4, '2019_12_14_000001_create_personal_access_tokens_table', 1),
(5, '2022_10_09_024625_create_products_table', 2),
(6, '2022_10_09_024922_create_reviews_table', 3);

-- --------------------------------------------------------

--
-- Structure de la table `password_resets`
--

CREATE TABLE `password_resets` (
  `email` varchar(255) COLLATE utf8mb4_unicode_ci NOT NULL,
  `token` varchar(255) COLLATE utf8mb4_unicode_ci NOT NULL,
  `created_at` timestamp NULL DEFAULT NULL
) ENGINE=InnoDB DEFAULT CHARSET=utf8mb4 COLLATE=utf8mb4_unicode_ci;

-- --------------------------------------------------------

--
-- Structure de la table `personal_access_tokens`
--

CREATE TABLE `personal_access_tokens` (
  `id` bigint(20) UNSIGNED NOT NULL,
  `tokenable_type` varchar(255) COLLATE utf8mb4_unicode_ci NOT NULL,
  `tokenable_id` bigint(20) UNSIGNED NOT NULL,
  `name` varchar(255) COLLATE utf8mb4_unicode_ci NOT NULL,
  `token` varchar(64) COLLATE utf8mb4_unicode_ci NOT NULL,
  `abilities` text COLLATE utf8mb4_unicode_ci DEFAULT NULL,
  `last_used_at` timestamp NULL DEFAULT NULL,
  `created_at` timestamp NULL DEFAULT NULL,
  `updated_at` timestamp NULL DEFAULT NULL
) ENGINE=InnoDB DEFAULT CHARSET=utf8mb4 COLLATE=utf8mb4_unicode_ci;

-- --------------------------------------------------------

--
-- Structure de la table `products`
--

CREATE TABLE `products` (
  `id` bigint(20) UNSIGNED NOT NULL,
  `name` varchar(255) COLLATE utf8mb4_unicode_ci NOT NULL,
  `detail` text COLLATE utf8mb4_unicode_ci NOT NULL,
  `price` int(11) NOT NULL,
  `stock` int(11) NOT NULL,
  `discount` int(11) NOT NULL,
  `created_at` timestamp NULL DEFAULT NULL,
  `updated_at` timestamp NULL DEFAULT NULL
) ENGINE=InnoDB DEFAULT CHARSET=utf8mb4 COLLATE=utf8mb4_unicode_ci;

--
-- Déchargement des données de la table `products`
--

INSERT INTO `products` (`id`, `name`, `detail`, `price`, `stock`, `discount`, `created_at`, `updated_at`) VALUES
(1, 'suscipit', 'Rem voluptatem error qui cumque velit. Et quis sed eligendi qui nisi. Deserunt voluptatem modi voluptatem laborum tenetur. Quaerat voluptatem rerum odio.', 693, 6, 15, '2022-10-09 15:05:38', '2022-10-09 15:05:38'),
(2, 'mollitia', 'Facere autem ut magnam et. Omnis amet asperiores debitis et eos rem aliquid. Eos est hic temporibus accusamus dolor consequatur consequatur. Numquam error eaque et nisi consectetur ut. Aliquam qui quos occaecati iusto iusto fugit neque.', 668, 9, 11, '2022-10-09 15:05:39', '2022-10-09 15:05:39'),
(3, 'rerum', 'Maxime perspiciatis reprehenderit id unde sequi voluptate assumenda similique. Temporibus adipisci sunt et ex voluptate quas perspiciatis. Et autem aut eligendi et incidunt odio.', 203, 0, 19, '2022-10-09 15:05:39', '2022-10-09 15:05:39'),
(4, 'quia', 'Iusto saepe quia maxime dolore. Doloribus ut magnam repellat autem. Consequatur quaerat alias quae sunt. Odit est esse numquam odit cumque.', 429, 4, 29, '2022-10-09 15:05:40', '2022-10-09 15:05:40'),
(5, 'ut', 'Molestiae quasi blanditiis sed voluptas. Quasi aut unde atque eaque. Fugit et in et minima fugiat.', 853, 6, 28, '2022-10-09 15:05:40', '2022-10-09 15:05:40'),
(6, 'sit', 'Architecto aut excepturi deleniti earum. Ex debitis rerum a molestiae iusto repudiandae. Est sit quas tempora dolor.', 136, 7, 20, '2022-10-09 15:05:40', '2022-10-09 15:05:40'),
(7, 'voluptatem', 'Sit dolor est eos ex laborum autem autem iste. Illo magni eum et debitis sint. Omnis voluptas sed aperiam est magni et sit. Temporibus eos autem beatae.', 282, 6, 18, '2022-10-09 15:05:40', '2022-10-09 15:05:40'),
(8, 'eaque', 'Facere provident tenetur aspernatur dolore corporis modi voluptatem quos. Ut et porro totam. Aliquid et est facilis.', 652, 4, 14, '2022-10-09 15:05:40', '2022-10-09 15:05:40'),
(9, 'quae', 'Beatae harum ullam ab similique voluptatem illum. Modi beatae vero et maxime. Provident eius dolores qui sit. A rerum et sit sint libero.', 615, 9, 2, '2022-10-09 15:05:40', '2022-10-09 15:05:40'),
(10, 'iure', 'Tempora sequi suscipit impedit corporis delectus. Est eveniet voluptatum excepturi ex sed. Fugiat magni ut voluptatum eos provident sunt reiciendis fugiat.', 231, 0, 14, '2022-10-09 15:05:40', '2022-10-09 15:05:40'),
(11, 'quis', 'Quae voluptas temporibus ut. Labore quo ullam repellat neque velit ipsam officia. Ut dolores similique facere ut.', 261, 5, 17, '2022-10-09 15:05:40', '2022-10-09 15:05:40'),
(12, 'enim', 'Nam cumque nobis ut quam. Culpa porro eos perferendis mollitia quis quo. Veritatis at tempora veritatis excepturi.', 393, 0, 23, '2022-10-09 15:05:41', '2022-10-09 15:05:41'),
(13, 'nemo', 'Laboriosam magnam tempore et est exercitationem. Aut et quia cum cumque qui qui officiis. Ratione eius ipsam et aut.', 399, 8, 8, '2022-10-09 15:05:41', '2022-10-09 15:05:41'),
(14, 'adipisci', 'Tempore rerum est optio nemo qui minus. Modi rerum nihil id sed amet eos id perspiciatis. Voluptas quo quibusdam id.', 638, 2, 7, '2022-10-09 15:05:41', '2022-10-09 15:05:41'),
(15, 'veniam', 'Et vero qui illum consequatur. Dolore iure expedita consequuntur laboriosam sapiente consectetur. Modi et et eaque ab ut. Accusamus velit sed reprehenderit minima error voluptas.', 946, 6, 14, '2022-10-09 15:05:41', '2022-10-09 15:05:41'),
(16, 'et', 'Quod assumenda explicabo cumque eius a aspernatur culpa. Corporis incidunt at libero eos at est. Hic veritatis ratione minima voluptate modi.', 117, 7, 2, '2022-10-09 15:05:41', '2022-10-09 15:05:41'),
(17, 'enim', 'Earum maxime necessitatibus earum. Qui sit quae delectus et dolorem quidem. Dolore explicabo esse eveniet architecto voluptas in.', 120, 1, 6, '2022-10-09 15:05:41', '2022-10-09 15:05:41'),
(18, 'vero', 'Consequatur dolores eos aliquid velit. Vel quod mollitia molestiae aliquid. Ea ex vero et vel.', 939, 1, 20, '2022-10-09 15:05:41', '2022-10-09 15:05:41'),
(19, 'ut', 'Atque ab quia sequi et impedit ad et quia. Nihil distinctio illum omnis quia iusto totam. Autem natus quisquam nulla ratione. Est saepe temporibus itaque.', 506, 0, 4, '2022-10-09 15:05:41', '2022-10-09 15:05:41'),
(20, 'totam', 'Sit velit nulla qui est autem et officiis. Asperiores corporis adipisci eaque porro quisquam ipsa.', 139, 4, 28, '2022-10-09 15:05:41', '2022-10-09 15:05:41'),
(21, 'beatae', 'Consequuntur alias tempore asperiores unde omnis dolores. Sunt non laboriosam tempore ab. Dicta voluptatem quae nemo assumenda soluta.', 407, 7, 3, '2022-10-09 15:05:41', '2022-10-09 15:05:41'),
(22, 'dolor', 'Culpa enim dolorem veniam natus mollitia. Fugit voluptatum voluptatem id. Doloribus minus iusto non ab aut. Nobis fuga quia sed voluptatem eum inventore quo.', 336, 3, 22, '2022-10-09 15:05:41', '2022-10-09 15:05:41'),
(23, 'placeat', 'Cum et ipsam laudantium. Voluptas enim nemo in quia nesciunt temporibus in. Vero ut quae ex ad quia. Doloremque est ullam modi dolor dolore sint vero.', 665, 1, 10, '2022-10-09 15:05:41', '2022-10-09 15:05:41'),
(24, 'quis', 'Quisquam voluptates veritatis quis ea quo illum. Distinctio eveniet quo dicta similique et iusto. Dolore porro ratione veritatis.', 784, 9, 30, '2022-10-09 15:05:41', '2022-10-09 15:05:41'),
(25, 'ipsam', 'Aliquid est qui sunt iste. Rerum voluptatibus laudantium distinctio accusantium minus nisi sit. Repudiandae id odit est eaque totam qui pariatur.', 307, 5, 25, '2022-10-09 15:05:41', '2022-10-09 15:05:41'),
(26, 'quis', 'Velit voluptatibus sit odit quia. Et repellat qui aut vero accusamus odit. Impedit repellendus aut ipsam aut ut dolor dicta.', 362, 4, 27, '2022-10-09 15:05:41', '2022-10-09 15:05:41'),
(27, 'ad', 'Aperiam quidem quam accusamus rem amet vero. Et magnam ut aliquam quidem. Rerum aliquid quisquam magni architecto. Sed repellat sed quibusdam.', 627, 6, 30, '2022-10-09 15:05:41', '2022-10-09 15:05:41'),
(28, 'ea', 'Sequi qui quis illum et. Ad nobis dolor sed vel et iste aut. Repellat ullam nemo quod necessitatibus velit blanditiis quibusdam.', 714, 0, 23, '2022-10-09 15:05:41', '2022-10-09 15:05:41'),
(29, 'alias', 'Consequatur facere ducimus molestiae dolor. Sequi nihil rem eius fugit dolores. Quisquam deleniti corporis consectetur doloremque voluptatibus.', 713, 5, 23, '2022-10-09 15:05:41', '2022-10-09 15:05:41'),
(30, 'consequuntur', 'At corrupti amet aperiam quaerat nulla. Rerum cumque doloribus dolores voluptatem et nulla ut odio. Reiciendis veniam rerum sed distinctio necessitatibus voluptates facilis molestias. Ullam quis occaecati voluptatum molestiae vitae placeat magnam.', 254, 7, 24, '2022-10-09 15:05:41', '2022-10-09 15:05:41'),
(31, 'nihil', 'Amet non earum commodi consequatur earum autem. Iste debitis sequi pariatur ipsam quisquam. Quia ut inventore vitae. Optio corporis impedit aliquid aut eveniet odio.', 985, 5, 12, '2022-10-09 15:05:41', '2022-10-09 15:05:41'),
(32, 'non', 'Non omnis ab magni adipisci sapiente. Omnis blanditiis impedit repudiandae non nostrum. Corporis sed non est vero.', 968, 3, 14, '2022-10-09 15:05:42', '2022-10-09 15:05:42'),
(33, 'quam', 'Officia consequuntur et nulla iure perspiciatis. Modi tempora a soluta corrupti. Reprehenderit voluptas nulla quidem.', 725, 0, 25, '2022-10-09 15:05:42', '2022-10-09 15:05:42'),
(34, 'magnam', 'Quam vel odio dolores molestias corrupti impedit. Quo quisquam maiores fugit illum. Qui voluptatem voluptatum in at est inventore cupiditate. Enim dolor natus recusandae fugit eveniet qui laboriosam.', 678, 5, 13, '2022-10-09 15:05:42', '2022-10-09 15:05:42'),
(35, 'minus', 'Repellendus et doloremque occaecati qui cupiditate sit provident. Numquam delectus sit eos laborum. Expedita aut molestias voluptatem non.', 581, 5, 23, '2022-10-09 15:05:42', '2022-10-09 15:05:42'),
(36, 'sit', 'Quo sit quis sunt quo nulla expedita molestiae ab. Alias blanditiis quis a laborum fugit. Et et accusamus nemo ea explicabo.', 186, 1, 2, '2022-10-09 15:05:42', '2022-10-09 15:05:42'),
(37, 'exercitationem', 'Culpa in quibusdam libero est adipisci cum ut. Officiis ab amet tempore consectetur dolores et velit. Et quo facere adipisci est adipisci suscipit ea.', 808, 1, 12, '2022-10-09 15:05:42', '2022-10-09 15:05:42'),
(38, 'enim', 'Voluptatum nihil totam maiores libero deleniti. Sint voluptatem velit corporis deleniti. Voluptas laboriosam dicta deleniti ratione exercitationem omnis. Qui quo quis rerum autem necessitatibus omnis voluptatem quo.', 385, 9, 12, '2022-10-09 15:05:42', '2022-10-09 15:05:42'),
(39, 'consequatur', 'Est omnis deleniti porro officia voluptatem in. Accusamus mollitia quasi qui et voluptatibus. Aut dolorum tenetur maiores illo et. Non iste ex minus consectetur magnam.', 128, 8, 8, '2022-10-09 15:05:42', '2022-10-09 15:05:42'),
(40, 'consequuntur', 'Molestiae harum quam odit ut alias voluptates alias. Omnis porro architecto praesentium sed et rem adipisci. Sapiente praesentium dolores facere vero et ut odio. Quisquam molestiae eum sapiente officiis quisquam.', 925, 2, 22, '2022-10-09 15:05:42', '2022-10-09 15:05:42'),
(41, 'eligendi', 'Itaque et unde totam dolor corrupti neque. Nam tempora maxime et. Dolores et voluptatem officia repellendus voluptates. Eius sapiente velit provident.', 283, 4, 26, '2022-10-09 15:05:42', '2022-10-09 15:05:42'),
(42, 'maiores', 'Facilis provident adipisci hic. Iure est rem architecto qui quas. Et soluta rerum ducimus ut sunt. Id non autem et unde cupiditate ab alias.', 181, 3, 8, '2022-10-09 15:05:42', '2022-10-09 15:05:42'),
(43, 'consequatur', 'Minus sit voluptate sunt illo voluptates esse. Qui eum assumenda tempore consequatur. Dolores hic qui voluptas.', 964, 6, 16, '2022-10-09 15:05:42', '2022-10-09 15:05:42'),
(44, 'velit', 'Inventore beatae aut odit fugit rerum. Animi alias quidem ullam. Dolores quia veritatis magnam quam eius.', 867, 2, 4, '2022-10-09 15:05:42', '2022-10-09 15:05:42'),
(45, 'itaque', 'Quam et dolor aut esse a ipsum non. Et ratione perspiciatis reiciendis neque quam eum. Amet iusto placeat voluptates error nemo et et sit.', 911, 3, 3, '2022-10-09 15:05:42', '2022-10-09 15:05:42'),
(46, 'repellat', 'Delectus ut qui officiis et nemo quasi soluta. Ut sunt optio fugit quaerat. Pariatur laborum eos voluptates. Dolores vitae molestias hic placeat dolore vel.', 208, 4, 18, '2022-10-09 15:05:42', '2022-10-09 15:05:42'),
(47, 'ad', 'Nihil dignissimos velit odio commodi. Ut velit aliquid itaque aut eos quae quam. Nesciunt quidem dolore voluptas. Laboriosam saepe nesciunt accusantium sequi veritatis fuga dolore nobis.', 814, 0, 29, '2022-10-09 15:05:43', '2022-10-09 15:05:43'),
(48, 'eum', 'Dolorem rerum natus omnis aut. Nulla laborum et molestiae dolore. Et praesentium quae cumque provident. Tempore neque omnis enim iste itaque fugit minus voluptas.', 582, 1, 30, '2022-10-09 15:05:43', '2022-10-09 15:05:43'),
(49, 'consequatur', 'Voluptatem blanditiis est et ullam. Rem quos ut at ea a. Aut totam totam omnis sed fuga.', 998, 9, 18, '2022-10-09 15:05:43', '2022-10-09 15:05:43'),
(50, 'aut', 'Corrupti non ducimus fugit amet. Non facere et explicabo voluptates. Quae culpa quis sed totam minus quasi quis voluptatem. Aut vel ducimus rerum asperiores.', 267, 3, 21, '2022-10-09 15:05:43', '2022-10-09 15:05:43'),
(51, 'qui', 'Praesentium non rerum alias maxime molestiae debitis. Minima assumenda corporis aliquam quo inventore nemo est. Libero quidem ea non aspernatur consequatur quis. Perspiciatis eveniet voluptates nesciunt aut soluta. Tenetur mollitia repudiandae sit.', 787, 5, 24, '2022-10-09 15:08:29', '2022-10-09 15:08:29'),
(52, 'fugiat', 'Et sed sint quasi aut vitae. Repellat vitae non officiis necessitatibus maxime ut aut.', 596, 2, 11, '2022-10-09 15:08:29', '2022-10-09 15:08:29'),
(53, 'voluptatem', 'Rerum quia perspiciatis molestiae. Nihil sed pariatur molestiae. Ut sunt quis nam. Rerum facilis enim sapiente amet fugit voluptate sed.', 249, 8, 12, '2022-10-09 15:08:29', '2022-10-09 15:08:29'),
(54, 'et', 'Impedit et non quae facilis vero perspiciatis quasi. Eligendi enim repudiandae asperiores dignissimos explicabo aliquid dolorem. Officia sit sed asperiores dicta non.', 320, 4, 12, '2022-10-09 15:08:29', '2022-10-09 15:08:29'),
(55, 'enim', 'Quasi hic aut animi et. Quia id vero itaque quidem excepturi et. Explicabo labore totam incidunt magni eos sunt qui totam. Aut aspernatur dolorem et eum illum est.', 728, 2, 15, '2022-10-09 15:08:29', '2022-10-09 15:08:29'),
(56, 'reprehenderit', 'Dolorem cumque illo qui ipsum distinctio. A quaerat nulla qui omnis. Quaerat provident omnis quisquam qui aut laborum.', 277, 1, 23, '2022-10-09 15:08:29', '2022-10-09 15:08:29'),
(57, 'sit', 'Labore odit expedita cupiditate rerum dolore esse. Commodi et quaerat nesciunt aut inventore a. Earum quod ea distinctio consequuntur.', 413, 8, 23, '2022-10-09 15:08:29', '2022-10-09 15:08:29'),
(58, 'et', 'Quidem quaerat et enim provident non. Voluptatem consectetur rerum eum est harum aut. Et explicabo est corrupti. Eos quia iusto similique saepe magni consequatur eius.', 545, 7, 21, '2022-10-09 15:08:29', '2022-10-09 15:08:29'),
(59, 'illo', 'Quidem dolorum ea sunt molestiae ut ut rerum enim. Voluptas alias et in eum. Optio nulla sapiente dolorem iste. Facere velit ea deserunt ut quis quas officia.', 284, 3, 15, '2022-10-09 15:08:29', '2022-10-09 15:08:29'),
(60, 'quibusdam', 'Eaque magni voluptatem quia corporis aliquam quia. Consequatur libero quibusdam eos corporis minus maxime. Iure eaque exercitationem eius omnis est molestiae architecto.', 975, 5, 12, '2022-10-09 15:08:29', '2022-10-09 15:08:29'),
(61, 'quo', 'Temporibus consequatur consectetur nostrum laboriosam. Explicabo dolorem aut sit suscipit. Consequatur ut qui architecto aspernatur minima aut.', 836, 1, 30, '2022-10-09 15:08:29', '2022-10-09 15:08:29'),
(62, 'quidem', 'Tenetur sit doloremque iure qui dolores saepe. Doloribus quaerat quos cum illo laboriosam. Et recusandae aut alias laborum neque. Incidunt quisquam quos in qui. Nulla amet quia ut vitae.', 971, 8, 13, '2022-10-09 15:08:29', '2022-10-09 15:08:29'),
(63, 'quas', 'Suscipit sequi occaecati rerum assumenda quisquam saepe ut et. Quo unde ducimus quas a repellat. Tenetur itaque quia ex aut vel eaque dolorem. Eveniet maxime laudantium voluptatum voluptas qui incidunt cupiditate.', 403, 6, 9, '2022-10-09 15:08:29', '2022-10-09 15:08:29'),
(64, 'et', 'Quam optio voluptatem enim et et. Dolorem qui ipsam amet natus sunt. Non iste sunt id dolorem id deserunt molestiae. Odio fugit aut consequuntur et officia corporis placeat.', 276, 2, 24, '2022-10-09 15:08:29', '2022-10-09 15:08:29'),
(65, 'suscipit', 'Placeat qui quasi expedita sint voluptas dicta rem excepturi. Corrupti consequatur sunt dignissimos qui suscipit provident. Dignissimos consequatur ipsa qui ducimus tempora dolorum. Aut voluptatum quas eos recusandae rerum laboriosam ut.', 470, 6, 6, '2022-10-09 15:08:29', '2022-10-09 15:08:29'),
(66, 'nihil', 'Voluptas quo molestiae et animi id non cupiditate. Et sunt a non id amet repellat. Omnis corporis hic optio voluptatibus repellendus distinctio. Quod a aut officiis impedit.', 757, 5, 20, '2022-10-09 15:08:30', '2022-10-09 15:08:30'),
(67, 'saepe', 'Minima nemo quis sequi et enim fugit. Ducimus veritatis voluptas quo. Et quibusdam veniam repellendus sed soluta et. Magni dignissimos et sint asperiores laborum.', 926, 8, 30, '2022-10-09 15:08:30', '2022-10-09 15:08:30'),
(68, 'quibusdam', 'Accusamus nobis aut ab neque repellat voluptas qui dolorum. Est cum laboriosam dignissimos fugiat earum deserunt hic sit. Id quia mollitia harum maxime ea.', 282, 7, 15, '2022-10-09 15:08:30', '2022-10-09 15:08:30'),
(69, 'quaerat', 'Quis minima et similique fugit cumque repellendus. Et fugiat aut autem doloremque qui. Fugit numquam eligendi illo dolor quasi dignissimos.', 716, 6, 27, '2022-10-09 15:08:30', '2022-10-09 15:08:30'),
(70, 'aut', 'Sunt dolorem consequatur aperiam at quis veniam. Architecto perferendis aut voluptas aut.', 123, 7, 25, '2022-10-09 15:08:30', '2022-10-09 15:08:30'),
(71, 'eos', 'Libero iure sit optio odio corrupti. Facilis suscipit magni natus ea. Dolorem ipsum tenetur quia.', 149, 4, 24, '2022-10-09 15:08:30', '2022-10-09 15:08:30'),
(72, 'sit', 'Deserunt praesentium a quisquam sed in impedit. Et dignissimos aspernatur amet sequi architecto enim. Quis non ut maxime nemo.', 489, 1, 23, '2022-10-09 15:08:30', '2022-10-09 15:08:30'),
(73, 'magnam', 'Molestiae vel quam nemo commodi. Rem sed natus veniam et voluptas. Quaerat voluptatem a aspernatur ipsam autem ut quod.', 905, 1, 28, '2022-10-09 15:08:30', '2022-10-09 15:08:30'),
(74, 'et', 'Cum maxime molestias ipsam sunt accusantium. Blanditiis quo et quisquam aut aut eveniet. Facilis molestias aut sapiente nobis. A et quis nihil et vel excepturi ipsa ab.', 792, 4, 8, '2022-10-09 15:08:30', '2022-10-09 15:08:30'),
(75, 'voluptatem', 'Eligendi nam debitis quia rem. Nostrum omnis atque id occaecati aut voluptates.', 760, 2, 28, '2022-10-09 15:08:30', '2022-10-09 15:08:30'),
(76, 'unde', 'Officiis sed dolorem quod praesentium. Qui eum explicabo facere a et voluptas quae. Vel et aut praesentium aut ut.', 745, 8, 28, '2022-10-09 15:08:30', '2022-10-09 15:08:30'),
(77, 'ad', 'Consectetur consectetur quia quia eum non. Necessitatibus est recusandae aspernatur est. Quis ipsa animi repellat dolore.', 167, 2, 26, '2022-10-09 15:08:30', '2022-10-09 15:08:30'),
(78, 'velit', 'Necessitatibus nam dolor eius assumenda et non et et. Repudiandae rerum est facere. In hic dolores praesentium sequi est voluptatem voluptatum. Nam excepturi doloremque ullam error.', 763, 2, 14, '2022-10-09 15:08:30', '2022-10-09 15:08:30'),
(79, 'cumque', 'Est omnis laborum sunt est ab. Tempore non eos quaerat dolores.', 701, 9, 21, '2022-10-09 15:08:30', '2022-10-09 15:08:30'),
(80, 'rem', 'Officiis consequuntur doloremque libero natus dolores ut ipsam. Et omnis consequatur nihil quia aut necessitatibus. Et aut nihil sequi eum enim omnis aut. Nisi voluptas voluptatum quia dolor est.', 312, 2, 6, '2022-10-09 15:08:30', '2022-10-09 15:08:30'),
(81, 'corporis', 'Quo beatae blanditiis natus et fuga voluptatem est. Qui quis nobis rerum placeat. Ex nam suscipit expedita reprehenderit qui.', 797, 5, 2, '2022-10-09 15:08:30', '2022-10-09 15:08:30'),
(82, 'reprehenderit', 'Itaque sed et asperiores assumenda. Ipsa laudantium quidem eum at voluptatem. Molestiae et quam vero ut nam nemo eos delectus. Consequatur qui assumenda quisquam sit qui inventore. Labore commodi laudantium voluptatem blanditiis voluptatum magni omnis ut.', 412, 4, 12, '2022-10-09 15:08:30', '2022-10-09 15:08:30'),
(83, 'quo', 'Quia et ea qui et nemo iure qui. Suscipit enim inventore sit. Quis dolor consequatur amet qui quaerat itaque praesentium eum.', 159, 1, 25, '2022-10-09 15:08:30', '2022-10-09 15:08:30'),
(84, 'ratione', 'Voluptatem laudantium aut sunt et est corporis fuga sint. Libero esse pariatur esse explicabo vero et. Error et eos eveniet deserunt excepturi.', 685, 7, 29, '2022-10-09 15:08:30', '2022-10-09 15:08:30'),
(85, 'iste', 'At nesciunt et qui assumenda facilis eum. Eaque est sit non architecto incidunt.', 783, 7, 24, '2022-10-09 15:08:30', '2022-10-09 15:08:30'),
(86, 'iste', 'Quis qui perspiciatis enim voluptate quod et mollitia. Aliquam fugiat deserunt fugit necessitatibus. Odit temporibus sapiente doloremque vitae. Eaque voluptas earum recusandae.', 502, 3, 20, '2022-10-09 15:08:30', '2022-10-09 15:08:30'),
(87, 'sed', 'Quidem blanditiis quia eveniet sunt qui voluptas. Assumenda iste et molestiae sit. Est culpa quas dolores. Sunt impedit dignissimos praesentium.', 301, 6, 15, '2022-10-09 15:08:30', '2022-10-09 15:08:30'),
(88, 'illo', 'Quis ducimus et suscipit suscipit qui. Esse architecto quia culpa vitae sint necessitatibus sed. Tempora omnis corporis exercitationem. Voluptatum ipsam mollitia est officiis ut delectus nobis explicabo.', 292, 0, 30, '2022-10-09 15:08:31', '2022-10-09 15:08:31'),
(89, 'veritatis', 'Ex ratione dolor tempore id. Quae sed vitae ratione id facilis tempore. Optio sunt neque asperiores eos doloribus sequi.', 493, 5, 7, '2022-10-09 15:08:31', '2022-10-09 15:08:31'),
(90, 'et', 'Explicabo placeat adipisci qui. Est temporibus facere laudantium perferendis. Sit unde ut placeat maiores assumenda. Sed et ut sunt quis.', 168, 6, 15, '2022-10-09 15:08:31', '2022-10-09 15:08:31'),
(91, 'sequi', 'Veritatis hic id recusandae laboriosam repudiandae natus. Perspiciatis enim ipsam et ab amet id earum qui. Iusto suscipit debitis facere. Atque neque ut vel ut est doloribus.', 314, 4, 29, '2022-10-09 15:08:31', '2022-10-09 15:08:31'),
(92, 'non', 'Et nesciunt aliquid natus pariatur consequatur. Non necessitatibus cupiditate totam iure quas labore.', 602, 1, 27, '2022-10-09 15:08:31', '2022-10-09 15:08:31'),
(93, 'vero', 'Placeat voluptate doloribus est aut ducimus. Deserunt nisi sit ex aut rem aut nulla et. Quis et magni ut consequatur vero labore. Repellat voluptas repellat doloribus maiores.', 259, 1, 16, '2022-10-09 15:08:31', '2022-10-09 15:08:31'),
(94, 'distinctio', 'Et mollitia ut consequuntur at. Tempore ut ipsum reiciendis vel. Magnam fugiat ratione sit error unde reprehenderit.', 660, 5, 22, '2022-10-09 15:08:31', '2022-10-09 15:08:31'),
(95, 'at', 'Et possimus cupiditate deleniti adipisci officia deserunt earum. Sequi harum vel nisi eveniet occaecati rerum sit. Consequuntur placeat dolorem beatae nisi hic. Magni iste nam non saepe.', 531, 3, 16, '2022-10-09 15:08:31', '2022-10-09 15:08:31'),
(96, 'delectus', 'Minima quia aut animi dolor qui perferendis ut. Doloribus consequatur animi nisi odit quaerat alias molestiae.', 233, 4, 15, '2022-10-09 15:08:31', '2022-10-09 15:08:31'),
(97, 'non', 'Voluptatibus in sed quia pariatur. Dolor occaecati ut est voluptatem velit excepturi autem. Maxime illum nisi excepturi eum quibusdam labore commodi. Aut dolorem minima quis sapiente qui.', 854, 7, 27, '2022-10-09 15:08:31', '2022-10-09 15:08:31'),
(98, 'ipsa', 'Blanditiis fugiat quis minima voluptas eum ea. Omnis dicta ad dicta dolorum porro minus ullam excepturi. Voluptates soluta commodi dolores nam. Eveniet esse modi error eos deserunt.', 829, 4, 21, '2022-10-09 15:08:31', '2022-10-09 15:08:31'),
(99, 'et', 'Atque sunt eligendi a voluptatum aut. Quia cumque aliquid dolor facere libero optio. Eum consectetur molestias atque ut consectetur. Aspernatur non qui culpa.', 894, 9, 13, '2022-10-09 15:08:31', '2022-10-09 15:08:31'),
(100, 'autem', 'Sapiente quam iusto dolorem veniam earum suscipit. Nostrum at omnis dolores molestiae.', 491, 3, 7, '2022-10-09 15:08:31', '2022-10-09 15:08:31');

-- --------------------------------------------------------

--
-- Structure de la table `reviews`
--

CREATE TABLE `reviews` (
  `id` bigint(20) UNSIGNED NOT NULL,
  `product_id` bigint(20) UNSIGNED NOT NULL,
  `customer` varchar(255) COLLATE utf8mb4_unicode_ci NOT NULL,
  `review` text COLLATE utf8mb4_unicode_ci NOT NULL,
  `star` int(11) NOT NULL,
  `created_at` timestamp NULL DEFAULT NULL,
  `updated_at` timestamp NULL DEFAULT NULL
) ENGINE=InnoDB DEFAULT CHARSET=utf8mb4 COLLATE=utf8mb4_unicode_ci;

--
-- Déchargement des données de la table `reviews`
--

INSERT INTO `reviews` (`id`, `product_id`, `customer`, `review`, `star`, `created_at`, `updated_at`) VALUES
(1, 44, 'Forest Kohler', 'Nesciunt aut omnis aut accusamus provident deleniti doloribus. Voluptatem sunt eum libero ad doloremque perspiciatis. Facilis maiores qui consectetur nulla eligendi voluptates voluptas maxime. Qui et adipisci debitis molestiae sunt.', 5, '2022-10-09 15:08:32', '2022-10-09 15:08:32'),
(2, 94, 'Stacy Cole', 'Et qui voluptas temporibus repellat. Voluptas molestiae aut assumenda. Earum cum eum occaecati porro at. Non quae dolores laboriosam nihil officia.', 2, '2022-10-09 15:08:32', '2022-10-09 15:08:32'),
(3, 62, 'Dr. Lilla Hagenes DDS', 'Quos omnis sed ut tempore dolores velit doloribus. Sint corporis at in mollitia voluptates. Nam et distinctio inventore maxime sequi. Incidunt possimus fuga est et. Dolores non ut dolorem reiciendis labore culpa enim.', 0, '2022-10-09 15:08:32', '2022-10-09 15:08:32'),
(4, 22, 'Annabel Friesen', 'Quae libero et labore adipisci qui incidunt ut molestiae. Ipsa et aliquid voluptatem labore totam. Ut perspiciatis cumque totam fuga non similique laboriosam. Vel ut omnis distinctio. Dolores eos est porro quibusdam.', 4, '2022-10-09 15:08:32', '2022-10-09 15:08:32'),
(5, 29, 'Sarai Jacobson Jr.', 'Temporibus et et natus aliquam. Et reiciendis molestiae non. Sunt quo iure ipsam et qui aperiam.', 3, '2022-10-09 15:08:32', '2022-10-09 15:08:32'),
(6, 12, 'Dr. Leonard Kling', 'Blanditiis sit voluptate consequatur labore. Voluptate ipsam quod ea aut omnis soluta. Aut sunt corrupti sed ipsa. Non ipsum fuga distinctio voluptatem sint sunt ipsum.', 3, '2022-10-09 15:08:32', '2022-10-09 15:08:32'),
(7, 13, 'Dr. Carleton Kshlerin', 'Illo dolorem commodi sunt sunt. Ut doloremque porro quia. Ut aut voluptas quia illum omnis omnis itaque.', 1, '2022-10-09 15:08:32', '2022-10-09 15:08:32'),
(8, 80, 'Mr. Andrew Harber', 'Repellat inventore et porro ea quasi vel tempore. Ipsam ipsam quo cupiditate ut aliquid. Suscipit reprehenderit non voluptatem vero. Provident non facilis rerum.', 3, '2022-10-09 15:08:32', '2022-10-09 15:08:32'),
(9, 6, 'Ms. Jenifer Auer', 'Excepturi rem eos officia est id deserunt placeat itaque. Pariatur recusandae reiciendis vitae.', 2, '2022-10-09 15:08:33', '2022-10-09 15:08:33'),
(10, 84, 'Evalyn Cremin', 'Iure laborum sed adipisci quas. Quis porro ratione explicabo rerum dolorum. Quibusdam temporibus qui voluptatem odio commodi qui reiciendis. Cumque fugiat tempore ipsam distinctio ex. Et praesentium vitae molestias quo et.', 3, '2022-10-09 15:08:33', '2022-10-09 15:08:33'),
(11, 25, 'Damaris Mitchell', 'Alias magnam alias est cumque iure fuga. Natus dolor recusandae maxime quibusdam aut qui ut.', 2, '2022-10-09 15:08:33', '2022-10-09 15:08:33'),
(12, 88, 'Loma Gulgowski Jr.', 'Voluptatem sit laboriosam atque. Quod maxime cum sed. Tempore ab vitae eos sed.', 0, '2022-10-09 15:08:33', '2022-10-09 15:08:33'),
(13, 94, 'Josiah Daugherty', 'Non sit ipsum repellendus fugiat dicta rerum. Quis dolor maxime odio non aut ea magnam ea. Tenetur eos non consequatur. Odio soluta exercitationem aspernatur autem molestias ullam ad.', 4, '2022-10-09 15:08:33', '2022-10-09 15:08:33'),
(14, 51, 'Horacio Kozey', 'Deserunt voluptate voluptas totam suscipit possimus perspiciatis. Inventore quod velit mollitia molestiae dolore voluptas nemo. Beatae qui dolor sit molestias voluptas quo sed quis.', 2, '2022-10-09 15:08:33', '2022-10-09 15:08:33'),
(15, 90, 'Clare Herzog', 'Iste consectetur est error delectus et totam. Enim voluptates fugiat accusantium necessitatibus quaerat accusamus. Voluptatem cumque quidem suscipit quia rerum possimus.', 5, '2022-10-09 15:08:33', '2022-10-09 15:08:33'),
(16, 14, 'Damien Roberts', 'Id accusantium commodi hic officia. Non blanditiis distinctio possimus perspiciatis ducimus id. Quia ipsam facere laudantium voluptatem ullam dolor. Quidem voluptatum esse voluptatem ullam natus adipisci tempore. Vel commodi vero itaque illum voluptas.', 1, '2022-10-09 15:08:33', '2022-10-09 15:08:33'),
(17, 98, 'Mr. Arely Dickens', 'Aut et et non dolores. Sit excepturi ullam rerum temporibus rerum voluptatum. Placeat qui id libero harum quis enim. Ut qui sed nesciunt voluptate est alias ab.', 5, '2022-10-09 15:08:33', '2022-10-09 15:08:33'),
(18, 73, 'Seamus Kirlin', 'Quidem dolorum excepturi magni eos rerum. Voluptatem et quis eius expedita quisquam modi autem.', 2, '2022-10-09 15:08:33', '2022-10-09 15:08:33'),
(19, 75, 'Rasheed Kuhlman', 'Qui voluptatem nemo provident consequatur nulla voluptatem. Accusantium error rerum veniam nulla maxime est vero vel. Perspiciatis explicabo molestiae enim cupiditate reiciendis.', 1, '2022-10-09 15:08:33', '2022-10-09 15:08:33'),
(20, 42, 'Amya O\'Conner', 'In possimus quia eos officia molestiae delectus. Nisi eos saepe quibusdam eligendi voluptate provident. Similique et sed qui qui id ipsam fugiat. Impedit consectetur quas ea qui dolorum rerum et ducimus.', 5, '2022-10-09 15:08:33', '2022-10-09 15:08:33'),
(21, 6, 'Lexi Ebert MD', 'Sunt vel incidunt et alias qui. Voluptates rerum autem laudantium accusamus assumenda. Quaerat recusandae maxime non tenetur voluptatem sed.', 0, '2022-10-09 15:08:33', '2022-10-09 15:08:33'),
(22, 63, 'Ana Rolfson', 'Vero rerum quasi natus exercitationem exercitationem rerum id neque. Quis placeat qui at aut et vitae. Consequuntur sed id nesciunt id corrupti cumque. Deserunt dolorem voluptatem voluptas.', 2, '2022-10-09 15:08:33', '2022-10-09 15:08:33'),
(23, 82, 'Mafalda Hoeger', 'Inventore eveniet nobis ipsum qui impedit vel dolore unde. Unde sed veniam et consectetur. Ut consequuntur dicta voluptatum est totam.', 5, '2022-10-09 15:08:33', '2022-10-09 15:08:33'),
(24, 84, 'Casimer Wiza', 'Voluptatem accusamus voluptatum non natus aperiam nobis. Consectetur quia voluptates dolore aut nam quis. Natus aut harum explicabo repudiandae doloribus laborum. Ea quis non minus atque dolor.', 4, '2022-10-09 15:08:33', '2022-10-09 15:08:33'),
(25, 76, 'Prof. Sage Spencer', 'Necessitatibus sed voluptatem earum quia sunt tempora quo. Voluptas omnis perspiciatis occaecati eligendi voluptas omnis inventore est. Voluptas est consequuntur architecto officia adipisci illo laudantium et.', 3, '2022-10-09 15:08:34', '2022-10-09 15:08:34'),
(26, 9, 'Ms. Estrella Barton PhD', 'Alias magni consequuntur consequatur. Animi dolorum qui quidem maxime aspernatur id. Excepturi itaque possimus et fuga sit quibusdam. Nesciunt quis consectetur corrupti. Necessitatibus dignissimos temporibus amet libero velit.', 4, '2022-10-09 15:08:34', '2022-10-09 15:08:34'),
(27, 58, 'Miss Luz Wisozk', 'Molestias modi illo maxime adipisci necessitatibus id accusantium neque. Cum commodi quia culpa deleniti vel exercitationem nesciunt ut. Harum quo tempore ullam quo et quod. Non molestias aliquid quaerat sunt maiores.', 0, '2022-10-09 15:08:34', '2022-10-09 15:08:34'),
(28, 45, 'Orion Williamson', 'Assumenda officiis est libero qui qui. Ipsum id quia fugit voluptatum dignissimos excepturi quos. Dolore et et et et voluptatum. Impedit eum sed ut fugit perspiciatis ut. Omnis iure sit earum minus aspernatur dolore.', 1, '2022-10-09 15:08:34', '2022-10-09 15:08:34'),
(29, 57, 'Dr. Nasir Smith Sr.', 'Qui rem illo harum quibusdam eligendi et. Voluptas quaerat est rem eligendi ea aspernatur ea.', 2, '2022-10-09 15:08:34', '2022-10-09 15:08:34'),
(30, 75, 'Esteban Lind', 'Aliquam asperiores deleniti non eaque et. Repudiandae voluptas qui illum recusandae. Cum rerum et eos in.', 5, '2022-10-09 15:08:34', '2022-10-09 15:08:34'),
(31, 64, 'Miss Jana Stokes I', 'Vel temporibus esse pariatur nostrum sunt. Vero ut totam facilis non voluptas facere officiis. Sit quasi quia et quia dolorum. Labore nam molestiae qui ut.', 5, '2022-10-09 15:08:34', '2022-10-09 15:08:34'),
(32, 34, 'Akeem Rohan II', 'Odit sunt placeat qui aut a odio eius. Exercitationem voluptas enim placeat facilis nobis aspernatur. Non ut ut accusamus quo placeat. Impedit labore sapiente at.', 4, '2022-10-09 15:08:34', '2022-10-09 15:08:34'),
(33, 23, 'Miss Elta Hoeger I', 'Ex adipisci vel excepturi fuga blanditiis. Sit aut laudantium quisquam veritatis. Vel laboriosam odit aut autem maxime.', 5, '2022-10-09 15:08:34', '2022-10-09 15:08:34'),
(34, 52, 'Benny Powlowski', 'Nulla facere mollitia cumque aspernatur. Aut tempore ipsa rerum nam. In est qui reiciendis culpa voluptatem qui incidunt vel.', 1, '2022-10-09 15:08:34', '2022-10-09 15:08:34'),
(35, 74, 'Jaime Barrows', 'Quo maiores perspiciatis occaecati quia voluptas. Possimus id repellendus saepe odit fugiat et eligendi. Voluptate sed numquam suscipit reprehenderit.', 4, '2022-10-09 15:08:34', '2022-10-09 15:08:34'),
(36, 50, 'Liza Gibson', 'Eum perferendis dolorem esse et minima iste nisi. Dolores ab dignissimos delectus error quis consequuntur. Aut quisquam impedit sit doloribus sit veniam.', 0, '2022-10-09 15:08:35', '2022-10-09 15:08:35'),
(37, 20, 'Amina Moore', 'Accusamus sequi magni totam qui numquam. Incidunt incidunt dolore delectus veniam. Aspernatur sequi consequatur itaque cupiditate.', 1, '2022-10-09 15:08:35', '2022-10-09 15:08:35'),
(38, 67, 'Laurie Stracke', 'Et numquam facilis magni velit eaque reiciendis. Autem ut beatae in et et aut. Fugit et quas odio quis sunt impedit autem.', 3, '2022-10-09 15:08:35', '2022-10-09 15:08:35'),
(39, 45, 'Mr. Curtis Haag', 'Nihil est consequatur earum maxime voluptatem mollitia. Labore numquam praesentium non illum. Id iusto mollitia eum dolorem.', 0, '2022-10-09 15:08:35', '2022-10-09 15:08:35'),
(40, 61, 'Kennedi McDermott', 'Ab deserunt quas sequi laborum deserunt. Rem modi repudiandae enim deserunt amet accusamus. Natus maiores autem hic non ratione sunt. Repellendus ipsa quia provident labore illo iure.', 0, '2022-10-09 15:08:35', '2022-10-09 15:08:35'),
(41, 91, 'Prof. Reva Koss', 'Aliquid a est eos labore dolorem. Hic ut cupiditate reprehenderit dolorem dolor. Eveniet a iste voluptas natus et ea reprehenderit. Harum voluptatum nulla non maxime itaque.', 2, '2022-10-09 15:08:35', '2022-10-09 15:08:35'),
(42, 24, 'Onie D\'Amore IV', 'Illo qui quo labore quia quam. Et necessitatibus consequatur animi autem veniam. Consectetur natus ipsum ut neque. Repellat nam veritatis ex laudantium alias.', 1, '2022-10-09 15:08:35', '2022-10-09 15:08:35'),
(43, 83, 'Emelie Stehr', 'Explicabo est laborum illum nobis temporibus aut facere. Consequatur non eos accusantium. Quam corporis neque accusamus sint dolorum sapiente quo.', 4, '2022-10-09 15:08:35', '2022-10-09 15:08:35'),
(44, 73, 'Oral Morissette', 'Et vel temporibus et ad ducimus. Omnis consequatur exercitationem amet id perspiciatis sit. At alias error maiores voluptates ut commodi beatae dolores.', 1, '2022-10-09 15:08:36', '2022-10-09 15:08:36'),
(45, 26, 'Irwin Will', 'Saepe dolore officiis omnis. Ducimus possimus illum quis sunt. A quaerat quod et in.', 0, '2022-10-09 15:08:36', '2022-10-09 15:08:36'),
(46, 8, 'Baylee Schmitt', 'Ut omnis inventore molestiae ut. Dignissimos et incidunt ea alias aut non. Sit nemo neque a doloribus iusto consequatur.', 2, '2022-10-09 15:08:36', '2022-10-09 15:08:36'),
(47, 78, 'Lempi Buckridge', 'Excepturi a ut ducimus. Explicabo sit aliquid aut numquam molestiae facilis et. Odit quia et quidem ut mollitia quibusdam perferendis. Labore officiis nesciunt voluptas.', 3, '2022-10-09 15:08:36', '2022-10-09 15:08:36'),
(48, 46, 'Maxime Frami', 'Doloribus reiciendis in recusandae at ducimus tempore et. Eaque dolor facilis impedit quam cumque sed. Ab ut velit qui minima quo exercitationem eligendi.', 2, '2022-10-09 15:08:36', '2022-10-09 15:08:36'),
(49, 57, 'Isidro Kris', 'Accusantium et aspernatur mollitia quis. Eaque et corporis aperiam maxime in. Praesentium ipsum quo similique adipisci libero aspernatur voluptate. Beatae atque laudantium quia. Dolor explicabo laborum et est distinctio distinctio veniam.', 0, '2022-10-09 15:08:36', '2022-10-09 15:08:36'),
(50, 99, 'Keanu Gutmann', 'Et itaque libero occaecati fugiat. Reprehenderit animi quo quisquam cupiditate cupiditate dolorem dolore sit. Ab optio tenetur neque blanditiis placeat.', 2, '2022-10-09 15:08:36', '2022-10-09 15:08:36'),
(51, 5, 'Ms. Anita Larson', 'Voluptatibus placeat sint nam. Quis modi quam cupiditate vitae dicta autem rem maxime.', 0, '2022-10-09 15:08:37', '2022-10-09 15:08:37'),
(52, 53, 'Ryann Carter', 'Voluptatem esse sunt earum. Officia similique error deserunt quam repellendus. Ullam vel nisi cumque perspiciatis. Mollitia provident voluptas voluptatem officiis.', 1, '2022-10-09 15:08:37', '2022-10-09 15:08:37'),
(53, 34, 'Dr. Ted Bechtelar', 'Et provident dignissimos facere consequatur qui sapiente aliquam aut. Ab modi reprehenderit qui. Unde ut dolorem accusantium rerum est. Veniam ducimus doloremque blanditiis in.', 5, '2022-10-09 15:08:37', '2022-10-09 15:08:37'),
(54, 40, 'Dr. Kyler Berge', 'Officia a voluptatem nobis voluptas velit qui a. Laboriosam impedit facilis et velit id est. Accusantium eum qui laborum voluptatem.', 3, '2022-10-09 15:08:37', '2022-10-09 15:08:37'),
(55, 85, 'Thaddeus Willms', 'Numquam iusto aut ullam. Et sunt laborum quis rerum adipisci et. Cupiditate debitis nisi eveniet. Illo commodi culpa quo ut. Culpa quia minus sed beatae et.', 5, '2022-10-09 15:08:37', '2022-10-09 15:08:37'),
(56, 8, 'Marcelina McLaughlin', 'Sapiente omnis ea modi ipsa iusto sequi. At atque consequatur ut voluptas repudiandae dolores. Dolore maxime et neque totam. Omnis nisi commodi provident aspernatur earum.', 3, '2022-10-09 15:08:37', '2022-10-09 15:08:37'),
(57, 61, 'Prof. Benedict Kuhn', 'Eum quia ipsa dolor ullam consequatur. Et quidem ut sit. Laboriosam incidunt dolorum et assumenda distinctio. Quis cupiditate et aut ut aut ut.', 5, '2022-10-09 15:08:37', '2022-10-09 15:08:37'),
(58, 1, 'Ilene Fisher', 'Eius perferendis mollitia dolorem laborum non et aperiam. Repudiandae ea sint rerum culpa. Mollitia eligendi itaque ut enim ea voluptatem fuga. Sunt doloremque aut similique reiciendis consequatur voluptatem dolor.', 1, '2022-10-09 15:08:37', '2022-10-09 15:08:37'),
(59, 58, 'Twila Bauch', 'Ut velit debitis laudantium in earum fugiat molestiae. Tempora iste sed omnis porro. Sed est neque sed quod alias placeat expedita nobis. Qui tenetur rerum in placeat in autem.', 1, '2022-10-09 15:08:37', '2022-10-09 15:08:37'),
(60, 22, 'Ms. Aiyana Wuckert', 'Est eligendi dolor distinctio. Optio nemo deserunt quam nesciunt. Sequi voluptas impedit magni excepturi nihil.', 3, '2022-10-09 15:08:37', '2022-10-09 15:08:37'),
(61, 2, 'Ms. Liza Stamm III', 'Sed ratione autem officiis magni odit dolores distinctio non. Velit dolorem provident cumque exercitationem excepturi vel. Qui totam id qui.', 1, '2022-10-09 15:08:37', '2022-10-09 15:08:37'),
(62, 69, 'Jose Langosh', 'Veniam dolore exercitationem rem ut in corporis. Vero quis placeat quidem quis. Ut at beatae dolorem aut debitis fugiat et veniam. Eaque aut aut architecto omnis.', 4, '2022-10-09 15:08:37', '2022-10-09 15:08:37'),
(63, 37, 'Kassandra Bartell', 'Non est sit quis excepturi ab harum. Quidem sint voluptates nihil incidunt. Voluptatibus molestiae accusamus aut sequi eos.', 1, '2022-10-09 15:08:37', '2022-10-09 15:08:37'),
(64, 52, 'Randall Harris', 'Enim totam velit dolores alias dolorem voluptas exercitationem. Cupiditate beatae voluptatem et unde. Perspiciatis dolorem quis omnis et.', 5, '2022-10-09 15:08:37', '2022-10-09 15:08:37'),
(65, 48, 'Cornell Sporer', 'Ut eligendi ratione consectetur rem dolorem velit nihil rerum. A consequatur sunt et maiores quia voluptas dolorum molestiae. Quia repellat cumque numquam cum alias. Vero quia dolorem tempore architecto.', 5, '2022-10-09 15:08:37', '2022-10-09 15:08:37'),
(66, 81, 'Jamal McGlynn', 'Consequuntur quae aut aut tempora ab odit sint. Ipsa incidunt consequuntur modi iste atque. Aut nam odit est reprehenderit saepe.', 0, '2022-10-09 15:08:37', '2022-10-09 15:08:37'),
(67, 66, 'Constance Paucek', 'Est voluptate similique numquam ea nulla. Commodi et impedit soluta laudantium magni unde sed ex. Sit doloremque molestiae inventore quis veritatis dolor possimus.', 0, '2022-10-09 15:08:37', '2022-10-09 15:08:37'),
(68, 63, 'Kevin Schroeder', 'Quisquam autem laboriosam qui nobis voluptas excepturi adipisci aut. Et dolore nisi aut sed minus et. Esse delectus similique voluptatem quaerat id voluptatibus officiis.', 1, '2022-10-09 15:08:38', '2022-10-09 15:08:38'),
(69, 29, 'Orville Stoltenberg V', 'Et et laborum vel quos. Aut eum voluptas aut voluptate a minima pariatur laboriosam. Quo reiciendis suscipit eum esse magnam dolorum et velit. Impedit repellendus quod rerum quis.', 3, '2022-10-09 15:08:38', '2022-10-09 15:08:38'),
(70, 85, 'Reggie Waters IV', 'Harum et tenetur quo velit voluptatum quia. Dolorum deleniti ea omnis odio sequi id repellat. Ut assumenda velit quis laboriosam odio expedita saepe ut. Porro quo neque ut minima perferendis.', 2, '2022-10-09 15:08:38', '2022-10-09 15:08:38'),
(71, 9, 'Maia Champlin II', 'Voluptatem voluptatem qui aut cum voluptatem laboriosam quasi quia. Nam ut quasi illo voluptatem sunt nesciunt inventore. Omnis sit doloremque excepturi. Tempora consequatur recusandae rem delectus voluptates possimus.', 1, '2022-10-09 15:08:38', '2022-10-09 15:08:38'),
(72, 76, 'Vaughn Bailey', 'Non ullam ut doloribus aut sint. Distinctio beatae repellendus perspiciatis commodi ut. Eos tempore ducimus fugiat. Et quis laboriosam omnis rerum quas animi.', 2, '2022-10-09 15:08:38', '2022-10-09 15:08:38'),
(73, 92, 'Dr. Malachi Parisian', 'Officiis consequatur id ut quae quis laboriosam sunt illum. Aut ducimus quis ut mollitia recusandae enim accusantium doloribus. Omnis id aperiam voluptatem sunt consectetur illo officiis.', 0, '2022-10-09 15:08:38', '2022-10-09 15:08:38'),
(74, 93, 'Reanna D\'Amore', 'Nostrum et rerum illum distinctio unde harum rerum sit. Nemo illo fugit hic sed esse. Dolor tempore nisi et sed placeat. Provident expedita ut ipsam corrupti. Autem laudantium expedita velit aliquam quae accusantium.', 4, '2022-10-09 15:08:38', '2022-10-09 15:08:38'),
(75, 16, 'Amari Koss', 'Placeat quis explicabo et assumenda odit et omnis. Eos incidunt omnis sunt corporis voluptatem. Illum consectetur quos eveniet cumque et. Esse expedita nostrum beatae amet ducimus dolorem minima et.', 0, '2022-10-09 15:08:38', '2022-10-09 15:08:38'),
(76, 24, 'Dr. Talon Waters', 'Nisi eos veritatis perferendis iure porro ipsam. Ex voluptatem vel veritatis commodi iure et. Et sequi quidem suscipit sunt dolor sit non. Quod magni corporis recusandae voluptatem.', 0, '2022-10-09 15:08:38', '2022-10-09 15:08:38'),
(77, 7, 'Lucienne Cremin', 'Rerum fuga aut velit dignissimos nulla quod velit. Sit impedit quae rerum omnis. Dolor ipsum dolorem qui et.', 2, '2022-10-09 15:08:38', '2022-10-09 15:08:38'),
(78, 95, 'Raheem Nienow', 'Itaque quaerat eum quaerat accusamus. Natus ut sit voluptatum provident. Est et iste id consequuntur alias et autem repellat.', 1, '2022-10-09 15:08:38', '2022-10-09 15:08:38'),
(79, 4, 'Breanna Gerhold', 'Facere voluptas ut ipsam est deleniti aut quia facilis. Quo possimus non eligendi sed tempora repellat. Et velit ex at sint et.', 2, '2022-10-09 15:08:38', '2022-10-09 15:08:38'),
(80, 24, 'Will Ondricka PhD', 'Qui omnis sed laborum nemo possimus beatae. Aperiam reiciendis ut aperiam dolorem ut iusto quia. Earum doloribus asperiores dolorum ea. Aliquid voluptatem non quos et minus voluptatum veritatis.', 0, '2022-10-09 15:08:39', '2022-10-09 15:08:39'),
(81, 81, 'Prof. Kattie Schultz', 'Modi aut consequuntur in dolores est dolor distinctio. Est illo impedit dignissimos nam est ad. Nulla optio eum et occaecati inventore esse. Minima laboriosam voluptates cumque et in id qui.', 3, '2022-10-09 15:08:39', '2022-10-09 15:08:39'),
(82, 36, 'Gladyce Miller MD', 'Sint quia iste harum perferendis. Quia in animi rerum repellendus. Ut saepe quo et qui quo. Nihil repellendus porro quo quia ullam cupiditate sunt.', 1, '2022-10-09 15:08:39', '2022-10-09 15:08:39'),
(83, 51, 'Autumn Feest', 'Nihil consequatur consectetur animi quo nam saepe dolores. Porro et vitae quos nihil explicabo. Asperiores voluptatem non quia non incidunt nihil non. Debitis consequatur ratione repellat culpa esse corporis atque.', 3, '2022-10-09 15:08:39', '2022-10-09 15:08:39'),
(84, 82, 'Louie Upton', 'Aut consequatur dolorum quae consequatur. Omnis dolore consectetur repellendus. Temporibus et voluptas beatae in. Saepe dolorum nihil consequatur consequatur qui quibusdam dolores.', 5, '2022-10-09 15:08:39', '2022-10-09 15:08:39'),
(85, 12, 'Arno Ratke', 'Explicabo consequatur rerum iste accusamus voluptatem nesciunt ducimus. Et quasi commodi vitae veritatis iusto. Aut error qui repellat repellendus. Doloremque nihil recusandae in qui voluptas dignissimos ut.', 3, '2022-10-09 15:08:39', '2022-10-09 15:08:39'),
(86, 35, 'Jamie Welch', 'Qui quo autem aliquid occaecati aperiam adipisci aut sit. Illum temporibus facere eaque. Quo repellat quidem omnis. Ea voluptas reprehenderit cupiditate cum.', 3, '2022-10-09 15:08:39', '2022-10-09 15:08:39'),
(87, 57, 'Bertrand Graham', 'Maiores eos sit qui a aut. Itaque vitae vel quis autem dignissimos ut. Vero excepturi dignissimos officia omnis.', 4, '2022-10-09 15:08:39', '2022-10-09 15:08:39'),
(88, 80, 'Anahi Wisoky', 'Vel aspernatur voluptatem architecto ipsa. Ut mollitia alias ut voluptatem dolores fugit quia. Illum est recusandae tenetur ea quo culpa cumque minus.', 1, '2022-10-09 15:08:39', '2022-10-09 15:08:39'),
(89, 30, 'Prof. Edmond Rodriguez', 'Impedit voluptatibus vel iure aut eum cupiditate. Aut et rerum tempore ex. Repellendus corrupti impedit tempore voluptas esse. Deserunt dicta eum recusandae.', 1, '2022-10-09 15:08:39', '2022-10-09 15:08:39'),
(90, 37, 'Micaela Gislason', 'Corrupti nemo aspernatur veniam voluptas quidem est. Consequuntur autem animi autem delectus quia dolor. Sunt facilis sapiente minus vero.', 2, '2022-10-09 15:08:39', '2022-10-09 15:08:39'),
(91, 14, 'Adelle Purdy', 'Sapiente voluptatibus reiciendis dolores sunt. Laboriosam tempora eveniet atque asperiores ipsa.', 5, '2022-10-09 15:08:39', '2022-10-09 15:08:39'),
(92, 78, 'Friedrich O\'Hara Sr.', 'Esse quibusdam non hic sed et modi. Velit occaecati est recusandae ullam at placeat aperiam. Ipsam maxime repellendus dolor fuga sint ut.', 2, '2022-10-09 15:08:39', '2022-10-09 15:08:39'),
(93, 30, 'Tatum Bradtke', 'Atque molestiae natus in aut. Enim quia atque quasi est totam delectus. Aut nihil eveniet incidunt quia aut eos sapiente.', 3, '2022-10-09 15:08:39', '2022-10-09 15:08:39'),
(94, 85, 'Giovani Homenick', 'Esse totam quis consectetur repellendus. Odit ut id libero quam debitis amet. Culpa ut id ipsam iure molestias asperiores impedit aut. Qui similique aut voluptas veniam dolorem ullam.', 5, '2022-10-09 15:08:39', '2022-10-09 15:08:39'),
(95, 42, 'Ms. Ophelia Durgan', 'Tempora assumenda nesciunt ut qui explicabo. Id esse beatae dolorem voluptate praesentium aliquam exercitationem. Dolore in dolores itaque est vel voluptas et. Laborum culpa eum alias ea doloremque rerum rem incidunt.', 2, '2022-10-09 15:08:39', '2022-10-09 15:08:39'),
(96, 21, 'Dr. Liza Rempel IV', 'Non doloremque sed et quia provident eum aliquam. Impedit nostrum dolorem ipsa aspernatur. In est nulla ea tempora dolor ab qui.', 4, '2022-10-09 15:08:39', '2022-10-09 15:08:39'),
(97, 29, 'Arnoldo Mitchell PhD', 'Nemo quasi ut perferendis in. Occaecati natus beatae magni. Perspiciatis illo voluptas et molestiae provident possimus. Error nostrum ullam non eos deserunt esse. Eos voluptatem fuga quas eum earum unde.', 1, '2022-10-09 15:08:39', '2022-10-09 15:08:39'),
(98, 53, 'Miracle Boehm DVM', 'Adipisci odit corrupti inventore. Rerum quia et delectus aspernatur.', 5, '2022-10-09 15:08:39', '2022-10-09 15:08:39'),
(99, 39, 'Tremaine Jakubowski', 'Possimus reprehenderit eligendi aut rerum vel. Molestias voluptatem pariatur ut rem ut porro maxime reprehenderit. Consequatur ut non nesciunt quia est officia est. Id ad ipsa tempora ex est aut autem ab.', 0, '2022-10-09 15:08:39', '2022-10-09 15:08:39'),
(100, 19, 'Miss Lia Hauck', 'Autem totam soluta ipsa in. Vero sunt asperiores tempore sunt voluptas voluptate non. Rerum necessitatibus rerum aut ut possimus. Expedita et tenetur molestias in. Et modi quaerat dolor perferendis.', 0, '2022-10-09 15:08:39', '2022-10-09 15:08:39'),
(101, 37, 'Prof. Jarrett Osinski II', 'Placeat voluptatem non dicta sit in rerum. Sit et aliquid eum impedit aliquam praesentium. Quisquam odio earum ducimus ex quidem. Debitis doloremque a voluptatem quidem quo.', 2, '2022-10-09 15:08:40', '2022-10-09 15:08:40'),
(102, 55, 'Creola Von', 'Illo quia autem quis ea. Excepturi tenetur voluptatem rerum enim. Eum consectetur sit quia ea reprehenderit ut qui.', 0, '2022-10-09 15:08:40', '2022-10-09 15:08:40'),
(103, 54, 'Allan Wolff', 'Voluptas beatae cum cumque itaque aut. Explicabo est et amet aliquid. Modi fuga eligendi quia aut. Minima earum ut id commodi temporibus a.', 2, '2022-10-09 15:08:40', '2022-10-09 15:08:40'),
(104, 43, 'Frieda Raynor', 'Id facere magni temporibus autem at. Vero eveniet omnis assumenda earum laboriosam. Saepe qui ullam dolor necessitatibus et ad natus explicabo. Dolor quisquam quos rerum molestiae assumenda suscipit quod fugit.', 1, '2022-10-09 15:08:40', '2022-10-09 15:08:40'),
(105, 65, 'Mrs. Jessyca Hettinger III', 'Mollitia error voluptas ea iure saepe perferendis dolores quo. Qui ut similique perferendis excepturi mollitia dolor reiciendis. Beatae est non quia illo consequatur. Sit velit sit nulla sed. Odio voluptas aut atque et sint ut dolor et.', 3, '2022-10-09 15:08:40', '2022-10-09 15:08:40'),
(106, 76, 'Dr. Mateo Thompson IV', 'Similique placeat quod laudantium dolore et assumenda sit. Harum modi libero vel. Porro nostrum nihil dolor dolorem mollitia deleniti.', 5, '2022-10-09 15:08:40', '2022-10-09 15:08:40'),
(107, 25, 'Jerad Ullrich', 'Molestiae perferendis autem dolor sit voluptas. Aut ut illum ut culpa rem aut ut. Ullam quisquam quo et labore fugit at. Sunt aperiam rerum aperiam molestias.', 4, '2022-10-09 15:08:40', '2022-10-09 15:08:40'),
(108, 60, 'Dr. Douglas Emmerich', 'Dicta voluptatem nam et. Id molestiae aut amet aut et in ut ut. Sed nihil id commodi excepturi consequatur possimus accusamus. Est vero harum aut ipsum debitis eveniet atque.', 5, '2022-10-09 15:08:40', '2022-10-09 15:08:40'),
(109, 13, 'Trey Frami', 'Laboriosam aut facilis iusto voluptatem molestiae. Eos qui est voluptatem quis unde ad commodi ut. Dolores vel in aperiam quis. Tempora nihil consequatur animi molestiae ut.', 0, '2022-10-09 15:08:40', '2022-10-09 15:08:40'),
(110, 47, 'Florencio Kshlerin IV', 'Adipisci illum voluptatem explicabo veniam dignissimos tenetur aperiam. Occaecati in autem excepturi voluptatem cum qui sapiente maxime. Et at eligendi id reiciendis.', 4, '2022-10-09 15:08:40', '2022-10-09 15:08:40'),
(111, 63, 'Merritt Kreiger', 'Ipsum dolor eveniet doloremque minus. Suscipit nostrum eveniet dignissimos eligendi. Provident nam itaque itaque consequatur. Consequatur pariatur sint similique ipsam velit commodi consequuntur.', 4, '2022-10-09 15:08:40', '2022-10-09 15:08:40'),
(112, 44, 'Hilton Aufderhar', 'Voluptas dolorum deserunt qui. Vel dignissimos quia odio itaque. Magni accusamus rerum expedita nemo sit sequi et. Sed iusto consequatur nam mollitia id sint.', 1, '2022-10-09 15:08:40', '2022-10-09 15:08:40'),
(113, 94, 'Dina Raynor', 'Occaecati recusandae nam sint incidunt accusamus reprehenderit. Voluptatum incidunt voluptas eveniet sed quisquam rem saepe. Reprehenderit molestiae ut distinctio aut blanditiis. Labore voluptatum qui placeat iusto repellat debitis at.', 3, '2022-10-09 15:08:40', '2022-10-09 15:08:40'),
(114, 91, 'Rocky Labadie', 'Ut illo qui voluptas et voluptate voluptas. Quibusdam sapiente quisquam aliquam voluptas. Et deleniti quia et a voluptate.', 2, '2022-10-09 15:08:40', '2022-10-09 15:08:40'),
(115, 23, 'Haylie Lubowitz', 'Dolorum est nesciunt consectetur. Et vel facilis explicabo rerum. Exercitationem et ut reiciendis doloremque natus optio.', 1, '2022-10-09 15:08:40', '2022-10-09 15:08:40'),
(116, 53, 'Janice Rath', 'Magni nulla autem magni magni ullam ut et. Culpa impedit commodi cum excepturi esse. Consequatur quisquam enim aut et aut. Tempora numquam voluptatum esse in. Ex voluptatem omnis et corporis occaecati quis rerum.', 0, '2022-10-09 15:08:40', '2022-10-09 15:08:40'),
(117, 82, 'Dr. Marcus White Sr.', 'Iure et amet laborum quidem molestiae maiores. Voluptatem saepe ipsa harum illo nulla quas quam. In eum ullam veritatis optio aut ut. Porro velit est natus blanditiis et eius.', 4, '2022-10-09 15:08:40', '2022-10-09 15:08:40'),
(118, 88, 'Jordi Romaguera PhD', 'Quisquam itaque quos ea dolorem molestiae vitae dolores. Est quisquam est fugiat. Blanditiis non aspernatur et ab.', 1, '2022-10-09 15:08:40', '2022-10-09 15:08:40'),
(119, 73, 'Kenton Kertzmann DDS', 'Aut saepe repellendus quae eligendi debitis quisquam laudantium. Ut impedit voluptate corporis exercitationem hic nihil nihil. Aut repudiandae et quia eum dolorem. Quia quis excepturi ipsum rerum nihil laudantium.', 5, '2022-10-09 15:08:40', '2022-10-09 15:08:40'),
(120, 87, 'Shany Zboncak', 'Quibusdam eos dicta dolorem quis nihil hic incidunt. Numquam necessitatibus commodi aliquid fugiat aut accusantium ut. Sit vel ut distinctio sit. Quia ut cum dolor repellat aspernatur ipsam.', 4, '2022-10-09 15:08:40', '2022-10-09 15:08:40'),
(121, 44, 'Josh Hegmann', 'Expedita veritatis amet labore corporis nulla. Doloribus placeat et nihil et est fuga. Voluptatem ut quae quam quas quia aperiam repellendus. Perferendis nostrum architecto aspernatur itaque.', 1, '2022-10-09 15:08:40', '2022-10-09 15:08:40'),
(122, 34, 'Audrey Pfannerstill PhD', 'Expedita qui fuga eum et. Sunt asperiores labore repellat alias ex sit. Autem tempore reprehenderit in enim magnam et. Fuga minima et eum nulla enim aut assumenda est.', 5, '2022-10-09 15:08:40', '2022-10-09 15:08:40'),
(123, 22, 'Fernando Lindgren', 'Repellendus et sit optio quisquam nisi perferendis sed. Incidunt maiores maiores voluptates nostrum. Eius minima mollitia minima alias qui architecto. Nihil excepturi est ut alias cupiditate deleniti est. Saepe id veritatis magnam consequatur.', 4, '2022-10-09 15:08:40', '2022-10-09 15:08:40'),
(124, 11, 'Ignatius Lynch', 'Consequatur libero veniam non itaque sed. Id qui ut dolore aut fugiat vel. Molestiae dolores magni eveniet impedit quis. Cum eaque quia odit dicta.', 5, '2022-10-09 15:08:40', '2022-10-09 15:08:40'),
(125, 75, 'Erick Stehr DDS', 'Et voluptas et consequatur. Non voluptas quis in quisquam provident est. Autem tenetur animi veniam soluta sint. Ipsam dignissimos nemo possimus iusto iste neque.', 5, '2022-10-09 15:08:40', '2022-10-09 15:08:40'),
(126, 25, 'Herta Trantow', 'Ea veritatis voluptatibus voluptates ut iure minima beatae. Dolores perspiciatis pariatur et at aut ad fuga. Sit velit accusantium a molestiae vero iusto. Cumque sed ut doloremque possimus totam explicabo dicta accusamus.', 1, '2022-10-09 15:08:40', '2022-10-09 15:08:40'),
(127, 4, 'Ms. Alysson Bogisich', 'Modi sed in consequatur corrupti cum sequi saepe. Id quas vel ad perspiciatis et error. At adipisci eaque et itaque voluptates ab quidem aliquid.', 3, '2022-10-09 15:08:41', '2022-10-09 15:08:41'),
(128, 17, 'Mr. Jaylen Borer V', 'Fugiat minus modi mollitia. Adipisci sit ut voluptates asperiores ut officiis. Sit iusto aut ex fugit ut. Veritatis magnam veniam repellat voluptas. Laboriosam eos sequi et sunt ut iste consequatur.', 1, '2022-10-09 15:08:41', '2022-10-09 15:08:41'),
(129, 23, 'Prof. Darron Spinka V', 'Aut quasi et assumenda exercitationem saepe ab porro. Quas similique inventore sed aut pariatur molestiae. Sit et saepe aut ab soluta sunt. Tenetur nemo voluptas est numquam doloremque.', 4, '2022-10-09 15:08:41', '2022-10-09 15:08:41'),
(130, 13, 'Prof. Kristoffer Ledner Sr.', 'Aut vel soluta animi libero et. Inventore qui ipsa deleniti perferendis possimus. Doloribus minus quaerat rerum molestiae repellat.', 5, '2022-10-09 15:08:41', '2022-10-09 15:08:41'),
(131, 79, 'Jesse Hickle', 'Ut qui omnis sint natus. Quae et aliquid iste consequatur in. Nemo est recusandae qui ea quam. Necessitatibus sed quasi vel ut quia.', 5, '2022-10-09 15:08:41', '2022-10-09 15:08:41'),
(132, 2, 'Prof. Karen Haag Sr.', 'Laborum cum ut dolor sunt. Assumenda quia dolores iste rerum id excepturi.', 3, '2022-10-09 15:08:41', '2022-10-09 15:08:41'),
(133, 25, 'Angeline Mills', 'Veritatis blanditiis accusamus voluptatum aut eum non est in. Autem aperiam nemo nobis omnis ad quam pariatur. Consectetur reprehenderit molestiae rerum minima. Neque eos possimus qui.', 4, '2022-10-09 15:08:41', '2022-10-09 15:08:41'),
(134, 82, 'Brody Lakin', 'At dolore ratione laborum magnam. Ab tempora et corporis exercitationem nulla quis. Libero reprehenderit qui eum voluptatibus voluptates distinctio. Laudantium nobis animi et blanditiis unde.', 2, '2022-10-09 15:08:41', '2022-10-09 15:08:41'),
(135, 22, 'Dr. Akeem Prohaska I', 'Nesciunt distinctio omnis omnis blanditiis et vel similique. Ut nam a facilis est laudantium est odit ratione. Omnis quo et aut.', 4, '2022-10-09 15:08:41', '2022-10-09 15:08:41'),
(136, 29, 'Dr. Halie Lowe', 'Quia aut animi ut nam eligendi. Vel autem voluptatem qui sit est incidunt totam excepturi. Ad et sint eius reiciendis nostrum. Est similique qui vitae.', 2, '2022-10-09 15:08:41', '2022-10-09 15:08:41'),
(137, 2, 'Ophelia Powlowski', 'Omnis aut reiciendis delectus aliquid id. Commodi illo non est voluptatum voluptatem qui quos. Dolorem sed aut ut quos. Dolores est voluptatibus id hic. Animi sint officiis aut deserunt neque et pariatur.', 0, '2022-10-09 15:08:41', '2022-10-09 15:08:41'),
(138, 55, 'Prof. Ellis Wolf Sr.', 'Ipsa perspiciatis doloremque exercitationem quidem rem. Labore non consequuntur assumenda aut. Laboriosam consectetur officiis est ut et omnis.', 0, '2022-10-09 15:08:41', '2022-10-09 15:08:41'),
(139, 58, 'Prof. Oleta Barrows', 'Sed odio ex et sed et quas. Atque neque molestiae aliquam nemo pariatur. Molestiae harum velit ut minima impedit ut. Illum aspernatur aliquid assumenda quas vero.', 3, '2022-10-09 15:08:41', '2022-10-09 15:08:41'),
(140, 32, 'Louvenia Pfannerstill', 'Consequatur maiores numquam nam sapiente. Nobis vel modi maiores magni. Nisi repudiandae cupiditate molestiae.', 3, '2022-10-09 15:08:41', '2022-10-09 15:08:41'),
(141, 31, 'Simeon Shanahan', 'Eaque quibusdam soluta dolorem repellendus voluptatem quam ad saepe. Aut earum culpa dolore suscipit nesciunt dolorem. Voluptatem dicta ut modi harum qui dolorem quia.', 1, '2022-10-09 15:08:41', '2022-10-09 15:08:41'),
(142, 36, 'Miss Tia Flatley II', 'Ad quia nobis deserunt eos sequi aut distinctio modi. Est eum voluptas fugit eius. Rerum quibusdam illo non.', 3, '2022-10-09 15:08:41', '2022-10-09 15:08:41'),
(143, 99, 'Julius Kuhn', 'Autem odio aut perferendis non natus magni itaque sed. Molestiae cum consequuntur dolorem excepturi incidunt excepturi. Maiores qui est aperiam voluptas. Neque dolorem impedit ab. Culpa dolorum aperiam molestiae consequatur tenetur.', 3, '2022-10-09 15:08:41', '2022-10-09 15:08:41'),
(144, 84, 'Prof. Will Shields DDS', 'Dolorem et in et velit aliquam quis. Aspernatur quo tempora expedita molestias atque at velit. Nulla quo fugit aut perferendis sint repellendus aliquid impedit. Tempora dicta veritatis ex architecto fuga qui laborum.', 3, '2022-10-09 15:08:41', '2022-10-09 15:08:41'),
(145, 94, 'Mollie Lebsack', 'Et odio odit voluptatem. Autem qui enim qui recusandae perspiciatis quaerat. Error at cumque molestiae nihil exercitationem.', 1, '2022-10-09 15:08:42', '2022-10-09 15:08:42'),
(146, 37, 'Dr. Murl Pouros', 'Non eius dolorum et quibusdam sed perferendis sed possimus. Aut sit qui voluptatibus. Qui eveniet suscipit magnam maxime a consectetur possimus. Ea at quis quibusdam est id velit reiciendis.', 4, '2022-10-09 15:08:42', '2022-10-09 15:08:42'),
(147, 91, 'Gerda Cormier', 'Quod modi rerum atque dolorem porro. Earum delectus qui quidem. Voluptatem molestiae ea voluptatem.', 3, '2022-10-09 15:08:42', '2022-10-09 15:08:42'),
(148, 62, 'Miss Rosalyn Hirthe', 'Accusamus numquam assumenda aut natus quis consequatur cupiditate. Omnis ut iusto libero sed quidem quam qui culpa.', 3, '2022-10-09 15:08:42', '2022-10-09 15:08:42'),
(149, 100, 'Mazie Steuber', 'Aliquid nihil rerum dolorem ipsum et. Rem et unde minima voluptatem temporibus in totam. Necessitatibus nostrum ipsam ut cum quaerat facilis dolores. Unde et sit commodi.', 1, '2022-10-09 15:08:43', '2022-10-09 15:08:43'),
(150, 43, 'Dr. Skyla Bosco', 'Explicabo dolores ipsum voluptas amet. Eius est voluptatum assumenda doloribus aut. Ullam nam laborum qui ab quae facilis.', 1, '2022-10-09 15:08:43', '2022-10-09 15:08:43'),
(151, 47, 'Dr. Tyreek Luettgen', 'Beatae esse vero eum voluptatem dolores. Repellendus neque ea fugit ut modi. Id beatae quam quibusdam et. Dolorem repellat ipsum et beatae.', 3, '2022-10-09 15:08:43', '2022-10-09 15:08:43'),
(152, 27, 'Bailee Wiegand', 'Voluptatem inventore ea natus molestiae debitis commodi. Et vitae iure ut quod culpa. Doloribus unde voluptate corrupti incidunt voluptas temporibus alias. Perferendis qui repellendus culpa qui in.', 4, '2022-10-09 15:08:43', '2022-10-09 15:08:43'),
(153, 2, 'Ladarius Treutel', 'Ratione dolorem recusandae aliquam illum. Corporis consequatur omnis esse occaecati ratione nobis. Natus sapiente aut est et laudantium. Mollitia sapiente rem sit accusantium esse.', 0, '2022-10-09 15:08:43', '2022-10-09 15:08:43'),
(154, 62, 'Miss Una Kreiger DDS', 'Tenetur nemo labore rem ut culpa in rerum est. Et quasi et magnam vero quaerat sint rem. Ut tenetur quia dolor soluta.', 3, '2022-10-09 15:08:43', '2022-10-09 15:08:43'),
(155, 56, 'Eliza Stroman Jr.', 'Odio enim veniam et corporis enim magni ipsam. Nulla laborum sed ipsum et alias architecto consequatur. Incidunt ipsum quae et tempora enim. Est dolore distinctio ex labore tempora voluptatem.', 2, '2022-10-09 15:08:43', '2022-10-09 15:08:43'),
(156, 98, 'Earl Grant IV', 'Velit dolore recusandae occaecati minus et ullam consequatur. Quasi facilis eos recusandae. Corrupti minus iure voluptatem eligendi explicabo voluptatem architecto ea. Repudiandae itaque voluptatem ea mollitia et. Omnis et veniam ducimus praesentium.', 2, '2022-10-09 15:08:43', '2022-10-09 15:08:43'),
(157, 79, 'Prof. Nash Cummerata Jr.', 'Eaque consectetur omnis ex nemo officiis harum modi. Voluptatem minima quam eligendi voluptas dicta debitis.', 3, '2022-10-09 15:08:43', '2022-10-09 15:08:43'),
(158, 52, 'Jesus Gottlieb', 'Suscipit non cum ut sed. Voluptas molestiae labore assumenda autem nihil fugiat.', 4, '2022-10-09 15:08:43', '2022-10-09 15:08:43'),
(159, 49, 'Prof. Robin Kub', 'Quod sunt quia dolor dolor. Non sint sit eum laborum quas. Inventore cum molestiae ullam est assumenda enim suscipit ea. Qui et autem magnam laboriosam. Fuga incidunt quibusdam voluptatum molestiae molestias reprehenderit quo.', 1, '2022-10-09 15:08:43', '2022-10-09 15:08:43'),
(160, 53, 'Maude Lynch IV', 'Architecto maxime et totam sed dolor. Placeat voluptas enim consequatur voluptatem. Dolorem quisquam aut quis libero. Porro est nobis aut eos est cupiditate nihil.', 2, '2022-10-09 15:08:43', '2022-10-09 15:08:43'),
(161, 90, 'Schuyler Beatty PhD', 'Possimus deleniti voluptate et. Quam a ab dolores magni culpa. Praesentium enim tempora et quia.', 4, '2022-10-09 15:08:43', '2022-10-09 15:08:43'),
(162, 58, 'Amir Reichel', 'Recusandae aut ipsam omnis rerum veniam tempora omnis. Dolor provident ea et aut. Odio quam omnis amet sit fugit. Sed enim voluptatibus qui quod.', 1, '2022-10-09 15:08:43', '2022-10-09 15:08:43'),
(163, 98, 'Gia Ledner', 'Soluta possimus autem officia quae. Recusandae aut voluptas molestias exercitationem. Eius debitis ratione nulla vel necessitatibus est. Rem voluptatem aliquid dignissimos dolore sed omnis. Asperiores officia odit est adipisci.', 0, '2022-10-09 15:08:43', '2022-10-09 15:08:43'),
(164, 72, 'Carter Hammes', 'Blanditiis nobis autem vel voluptatem numquam et sit. Ea in consequatur perspiciatis illo libero cumque. Tenetur cupiditate delectus quae excepturi ea consequatur. Vero eos non voluptatem.', 4, '2022-10-09 15:08:43', '2022-10-09 15:08:43'),
(165, 50, 'Leta Kunze', 'Repellendus aut facere enim dolor aliquam ut. Quos voluptatem quia minima qui quisquam perferendis ab. Dolor at qui recusandae distinctio. Rerum reprehenderit distinctio occaecati enim ab. Soluta tempore explicabo sit saepe ex sed.', 5, '2022-10-09 15:08:43', '2022-10-09 15:08:43'),
(166, 47, 'Christop Raynor Jr.', 'Deserunt consectetur accusantium fugit ea voluptatem. Incidunt ipsum temporibus dolores sequi dignissimos veniam.', 2, '2022-10-09 15:08:43', '2022-10-09 15:08:43'),
(167, 18, 'Reece Rowe DDS', 'Vitae eligendi voluptates culpa aut. Qui quidem rerum rerum ut. Atque veritatis id suscipit voluptatum quia molestias.', 3, '2022-10-09 15:08:43', '2022-10-09 15:08:43'),
(168, 90, 'Carley Wisoky', 'Vel sit ipsa enim rerum consectetur. Cupiditate eveniet fuga esse incidunt quis voluptas quidem. Voluptas optio qui et libero dignissimos. Optio eius et in voluptatibus.', 0, '2022-10-09 15:08:43', '2022-10-09 15:08:43'),
(169, 100, 'Dr. Kaylee Padberg', 'Consectetur quis reiciendis iste molestiae sed vitae. Impedit et qui corrupti fugit et odit. Et corporis illo in voluptatem sit veritatis.', 2, '2022-10-09 15:08:43', '2022-10-09 15:08:43'),
(170, 18, 'Birdie Beatty V', 'Eum mollitia et excepturi ullam. Reiciendis dolor vel blanditiis excepturi qui quia quisquam.', 4, '2022-10-09 15:08:43', '2022-10-09 15:08:43'),
(171, 49, 'Ian Harber', 'Aut magnam aut rem corporis tenetur qui maxime. Molestiae quia dolores assumenda deleniti quam. Eum deleniti id ullam ratione iure exercitationem quis soluta. Ipsa dolores non veritatis non.', 1, '2022-10-09 15:08:44', '2022-10-09 15:08:44'),
(172, 87, 'Mr. Connor Gutmann', 'Error voluptate non nisi doloribus in impedit. Quo magni iste id sed voluptas non quia facilis. Eum provident natus et fugiat. Sed reiciendis rerum perferendis consequatur.', 4, '2022-10-09 15:08:44', '2022-10-09 15:08:44'),
(173, 14, 'Prof. Kaleigh White', 'Omnis dolorem reiciendis voluptas in. Qui numquam hic officia maiores deserunt. Vitae ratione iure laborum consequuntur qui odio.', 4, '2022-10-09 15:08:44', '2022-10-09 15:08:44'),
(174, 76, 'Titus Little', 'Culpa tenetur voluptatum quos sed vitae tempore. Non laudantium cumque cumque cupiditate possimus repellendus vel. Iusto sit quia nesciunt illum excepturi. Ipsa tempore soluta et molestias ut nam.', 1, '2022-10-09 15:08:44', '2022-10-09 15:08:44'),
(175, 33, 'Ethel Bauch PhD', 'Quibusdam repellendus est id. Ad commodi enim fugiat ratione ut. Consequatur nisi ut voluptates vitae consequatur nemo. Ad quas ea harum nulla qui doloremque ut.', 1, '2022-10-09 15:08:44', '2022-10-09 15:08:44'),
(176, 90, 'Levi Kertzmann', 'Sunt velit voluptate quam occaecati et id. Fuga cum tenetur aliquid et fuga non est. Dolorum ipsa iste sed doloribus et.', 1, '2022-10-09 15:08:44', '2022-10-09 15:08:44'),
(177, 86, 'Keyon Weber', 'Dolor veritatis totam dicta nulla voluptatem similique. Et neque nam similique dignissimos dolores voluptatem sunt. Dicta tempora quo exercitationem quasi.', 5, '2022-10-09 15:08:44', '2022-10-09 15:08:44'),
(178, 20, 'Dayana Ryan', 'Cum quo vel odit totam sit cupiditate optio. Maiores occaecati deleniti illum dicta ex eum hic ut. Enim dolores voluptatem quia voluptate explicabo quo.', 0, '2022-10-09 15:08:44', '2022-10-09 15:08:44'),
(179, 31, 'Deondre Beer', 'Sit non ducimus perferendis quia fuga sed consequatur. Est aut sunt quas modi fugiat sapiente qui. At hic nihil magnam. Velit ut enim ipsa rerum magnam.', 4, '2022-10-09 15:08:44', '2022-10-09 15:08:44'),
(180, 87, 'April Schmeler II', 'Qui in quos qui. Non accusantium vel omnis recusandae. Vel facilis occaecati consectetur vel atque enim corrupti.', 5, '2022-10-09 15:08:44', '2022-10-09 15:08:44'),
(181, 86, 'Quincy Little', 'Quam optio rerum non cupiditate. Qui alias consequuntur laborum et quaerat est vero non. Itaque qui maiores deleniti exercitationem molestiae. Voluptatibus quo totam et. Cumque recusandae aut ex porro eum.', 2, '2022-10-09 15:08:44', '2022-10-09 15:08:44'),
(182, 74, 'Antone Larson', 'Omnis nulla voluptatem qui ipsum aperiam quibusdam error. Officia tempora quae aut architecto repellat consequatur harum vero. Et voluptas sequi expedita exercitationem necessitatibus.', 2, '2022-10-09 15:08:44', '2022-10-09 15:08:44'),
(183, 25, 'Glenda Grady', 'Fugit voluptas enim aspernatur eaque quam dolorem sit. Magnam ullam et adipisci fugiat quasi. Voluptatem fugiat numquam tenetur numquam.', 4, '2022-10-09 15:08:44', '2022-10-09 15:08:44'),
(184, 38, 'Nikki Medhurst IV', 'Qui delectus consequatur saepe sequi. Inventore in quia qui quo rerum perferendis. Aliquam in qui et assumenda. Nobis voluptates magnam voluptatem culpa dignissimos itaque consectetur. Est aspernatur est suscipit ea corporis accusamus.', 4, '2022-10-09 15:08:44', '2022-10-09 15:08:44'),
(185, 39, 'Francisca Schaden', 'Qui et rerum nesciunt quo et est. Atque sit commodi dolore iusto illum. Dolorem sed doloremque ipsum porro in nulla incidunt enim.', 4, '2022-10-09 15:08:44', '2022-10-09 15:08:44'),
(186, 14, 'Lydia Mante DVM', 'Ipsum sit possimus quia dolores vero. Corporis alias quis autem saepe quam. Exercitationem veritatis quas tenetur est. Natus a quasi odit saepe et consectetur et.', 5, '2022-10-09 15:08:44', '2022-10-09 15:08:44'),
(187, 97, 'Sydni Bechtelar', 'Deleniti sint ex corrupti quae. Dignissimos praesentium recusandae doloribus aperiam. Itaque dicta sapiente voluptatem voluptatem fugit mollitia voluptas sed.', 1, '2022-10-09 15:08:44', '2022-10-09 15:08:44'),
(188, 16, 'Frank Breitenberg', 'Aliquid dignissimos nihil natus deleniti exercitationem molestiae praesentium vitae. Deserunt ab sunt et corporis autem. Voluptatibus aut quae aliquam natus.', 3, '2022-10-09 15:08:44', '2022-10-09 15:08:44'),
(189, 68, 'Rhett Vandervort', 'Et perferendis molestiae quia et. Et cumque incidunt veniam explicabo voluptas dolor cum. Dignissimos culpa totam incidunt eum.', 5, '2022-10-09 15:08:44', '2022-10-09 15:08:44'),
(190, 37, 'Misty Grant', 'Molestias voluptate commodi sit ipsam aut dicta voluptates praesentium. Dolore dicta pariatur fugit veniam possimus. Aut qui consequatur quod est dolore officia.', 3, '2022-10-09 15:08:44', '2022-10-09 15:08:44'),
(191, 44, 'Breanna Gibson', 'Alias voluptatem dolor fuga ullam repudiandae aperiam consequatur perspiciatis. Et maxime fugiat molestias totam magni beatae. Culpa molestiae et qui similique non. Nam ab deleniti itaque officia aut.', 1, '2022-10-09 15:08:44', '2022-10-09 15:08:44'),
(192, 99, 'Delilah Thiel', 'Cum ea beatae provident sed qui consequatur atque. Esse animi cupiditate aliquam aut nobis. Qui saepe veniam a vel. Magni ut sed rem nihil.', 1, '2022-10-09 15:08:44', '2022-10-09 15:08:44'),
(193, 32, 'Raegan Klocko', 'Ipsum assumenda ut molestiae et aut et. Ut veritatis et quod. Dicta aut ea eos tenetur. Consectetur odit amet deserunt.', 2, '2022-10-09 15:08:44', '2022-10-09 15:08:44'),
(194, 31, 'Damon Dach', 'Quidem iusto qui asperiores in distinctio dolores. Est et voluptas laborum autem odio eos ut.', 0, '2022-10-09 15:08:44', '2022-10-09 15:08:44'),
(195, 80, 'Ms. Bert Daugherty', 'Voluptatibus quo id facilis eos laboriosam quia aspernatur. Enim error voluptas deserunt aut ducimus ad quis. Et illo ut assumenda quae praesentium autem error. Quisquam perferendis et temporibus ea repellendus nemo.', 0, '2022-10-09 15:08:44', '2022-10-09 15:08:44'),
(196, 12, 'Kelsie Gutkowski', 'Consequatur aut ex voluptate inventore inventore perferendis neque. Earum aut nesciunt quas quam illo id. Similique consequatur aut sequi odio neque. Quia doloribus voluptas porro.', 3, '2022-10-09 15:08:45', '2022-10-09 15:08:45'),
(197, 49, 'Tiffany Runte', 'Enim doloremque facilis labore molestias temporibus non. Vitae vero eos ut quam expedita quo. Quia esse non placeat deserunt. Non quia occaecati nobis hic.', 1, '2022-10-09 15:08:45', '2022-10-09 15:08:45'),
(198, 15, 'Chesley Littel', 'Dolorum impedit ducimus nihil. Eaque velit laboriosam ut sunt quos. Minima delectus ratione excepturi architecto libero cupiditate.', 1, '2022-10-09 15:08:45', '2022-10-09 15:08:45'),
(199, 86, 'Tara Borer', 'Esse in aut incidunt aut voluptatem voluptatem ad delectus. Et fuga ullam non deserunt omnis facilis aut. Odit est molestiae blanditiis tempore dolores et.', 2, '2022-10-09 15:08:45', '2022-10-09 15:08:45'),
(200, 36, 'Sabina Powlowski', 'Est ducimus sunt beatae ea quam fugiat. Ut labore voluptatem sunt fuga minus. Fugit est cum architecto temporibus perspiciatis soluta.', 4, '2022-10-09 15:08:45', '2022-10-09 15:08:45'),
(201, 64, 'Tod Stark', 'Et cupiditate delectus provident et ipsa vel. Qui rerum distinctio non occaecati eos fuga. Expedita quisquam quia dicta qui eum.', 1, '2022-10-09 15:08:45', '2022-10-09 15:08:45'),
(202, 39, 'Bartholome Dach', 'Amet repellat sunt natus necessitatibus recusandae minima. Aut sit dolores omnis qui ut eos aut et. Temporibus distinctio consequuntur totam esse deleniti nam aliquam. Dolore placeat officiis voluptatem excepturi.', 2, '2022-10-09 15:08:45', '2022-10-09 15:08:45'),
(203, 35, 'Mr. Waino Quitzon', 'Sit laborum ut cum. Aperiam commodi et nulla unde harum. Aspernatur et quasi id quis rem omnis libero qui.', 0, '2022-10-09 15:08:45', '2022-10-09 15:08:45'),
(204, 26, 'Irving Wiegand', 'Voluptate provident beatae dolorum velit sit iusto similique. Similique quo voluptatem in hic sint. Quo non ullam nam nesciunt voluptas.', 3, '2022-10-09 15:08:45', '2022-10-09 15:08:45'),
(205, 30, 'Prof. Odie O\'Kon', 'Mollitia dolorem minus harum cupiditate dolorem. Laborum illum rerum sit tempora. Autem tempore sapiente et natus mollitia. Ea nulla autem aspernatur numquam autem eum dolorum veniam.', 0, '2022-10-09 15:08:45', '2022-10-09 15:08:45'),
(206, 56, 'Oda Boehm', 'Quam sit deleniti quod beatae totam eos. Velit veritatis error consequatur eligendi et velit tempora. Nostrum deserunt vel delectus. Tempora odit officia perferendis nam.', 0, '2022-10-09 15:08:45', '2022-10-09 15:08:45'),
(207, 64, 'Quincy Hahn', 'Voluptate fuga dolore corrupti ad. Ut possimus soluta nostrum repellendus sapiente. Voluptatum earum voluptatem aut necessitatibus labore non.', 2, '2022-10-09 15:08:45', '2022-10-09 15:08:45');
INSERT INTO `reviews` (`id`, `product_id`, `customer`, `review`, `star`, `created_at`, `updated_at`) VALUES
(208, 5, 'Carmella Quitzon DVM', 'Ex vel dignissimos nam ipsa at sunt hic. Voluptas quos odit accusamus similique aut. Esse autem voluptatem animi praesentium. Quia dolorum harum itaque officiis sed quibusdam.', 5, '2022-10-09 15:08:45', '2022-10-09 15:08:45'),
(209, 80, 'Kelton Quigley', 'Ratione voluptas perferendis cupiditate ex. Reiciendis qui eius molestiae et magni possimus maxime. Eos ea sed atque quia. Quis maiores quibusdam ullam vitae.', 4, '2022-10-09 15:08:45', '2022-10-09 15:08:45'),
(210, 21, 'Neva Johnson', 'Aut tempore qui aperiam beatae neque. Sunt ratione quae asperiores ut cumque consequuntur. Ut consequatur dolorum suscipit inventore.', 1, '2022-10-09 15:08:45', '2022-10-09 15:08:45'),
(211, 88, 'Georgianna Ondricka', 'Optio id saepe nam voluptatem quaerat. Est ut cupiditate ut et iusto doloribus exercitationem veniam. Sit pariatur consequatur consequatur nemo.', 4, '2022-10-09 15:08:45', '2022-10-09 15:08:45'),
(212, 99, 'Krista Marquardt', 'Et molestiae sunt fugiat qui maiores et dolore. Voluptas nemo voluptates explicabo commodi in est quo animi. Ut dolor incidunt quo voluptates odit autem temporibus. Nam provident id dolorum dolor.', 2, '2022-10-09 15:08:45', '2022-10-09 15:08:45'),
(213, 29, 'Dedric Bashirian', 'Repudiandae aut nihil voluptatem nemo nulla sit. Suscipit atque ducimus voluptatem quo tempore non. Consequuntur voluptatem nostrum pariatur sed incidunt. Labore magni quibusdam totam excepturi eaque pariatur eaque.', 1, '2022-10-09 15:08:45', '2022-10-09 15:08:45'),
(214, 8, 'Rodger Boyle', 'Qui molestias mollitia provident numquam quis. Dolor et possimus aut eaque est perspiciatis. Repellendus repellendus officia quod nihil illum. Voluptatem quibusdam aliquam accusamus et assumenda qui repellat.', 4, '2022-10-09 15:08:45', '2022-10-09 15:08:45'),
(215, 71, 'Josiah Farrell', 'Eligendi dolorem cum laboriosam aut enim qui sapiente. Minus quasi quis eum in dicta est sapiente. Sed doloribus nihil illo sit. Distinctio et consequatur suscipit perferendis. Consequatur rerum mollitia dolor neque excepturi est.', 3, '2022-10-09 15:08:45', '2022-10-09 15:08:45'),
(216, 55, 'Mr. Adelbert Grady MD', 'Excepturi omnis asperiores voluptatem ut soluta qui. Autem quam non iure ipsum molestias ut nam. Voluptas quod atque doloremque.', 1, '2022-10-09 15:08:45', '2022-10-09 15:08:45'),
(217, 54, 'Mrs. Christa Gutmann', 'Dolor harum a ipsa. Et dicta temporibus magnam explicabo. Accusamus commodi architecto et. Velit delectus qui natus dolor eos commodi et doloribus.', 5, '2022-10-09 15:08:45', '2022-10-09 15:08:45'),
(218, 3, 'Prof. Alyce Auer', 'Quia et rerum voluptatem iusto optio ad saepe. Et quia neque quas saepe eligendi distinctio quidem. Sit asperiores aspernatur voluptate harum deleniti.', 3, '2022-10-09 15:08:45', '2022-10-09 15:08:45'),
(219, 28, 'Prof. Joseph Carter Jr.', 'Beatae laudantium ab eos consequatur quod. Id corrupti sit culpa et. Rerum occaecati quis corrupti sequi consequuntur magni dolorem cupiditate.', 1, '2022-10-09 15:08:45', '2022-10-09 15:08:45'),
(220, 79, 'Tillman Gibson DVM', 'Architecto nisi ut omnis explicabo voluptatem vitae aut. Quas id similique laboriosam corrupti. Quam ut laboriosam suscipit dolor libero voluptatum.', 5, '2022-10-09 15:08:45', '2022-10-09 15:08:45'),
(221, 14, 'Miss Bette McGlynn', 'Quam nulla accusamus impedit id voluptas est. Et voluptate enim quasi asperiores molestiae qui. Voluptatem dolorum est a soluta omnis eum qui.', 1, '2022-10-09 15:08:45', '2022-10-09 15:08:45'),
(222, 10, 'Dr. Daren Bechtelar', 'In quas cum eos illo sequi. Velit sed explicabo provident dolorem dolorem. Non deserunt autem beatae sed sit.', 2, '2022-10-09 15:08:45', '2022-10-09 15:08:45'),
(223, 91, 'Quentin Nolan', 'Laudantium corrupti accusamus ut dolores magni neque. Aut sint voluptate amet beatae voluptas. Saepe molestiae dignissimos eius quasi ea tenetur. Illum beatae repellat nulla dicta ex corrupti labore. Rerum officiis libero qui non et omnis dolorem.', 3, '2022-10-09 15:08:45', '2022-10-09 15:08:45'),
(224, 45, 'Sherwood Collins II', 'Magni voluptas et quasi et atque exercitationem magni. Veniam praesentium blanditiis aut tempora sed quam. Nobis culpa aut ex rem.', 1, '2022-10-09 15:08:46', '2022-10-09 15:08:46'),
(225, 73, 'Melyssa Kuvalis', 'Non odit iure quibusdam facilis esse vel. Ut pariatur eos voluptas maxime temporibus. Iste corporis ea porro debitis ea in minus.', 1, '2022-10-09 15:08:46', '2022-10-09 15:08:46'),
(226, 26, 'Ms. Camilla Hagenes Sr.', 'Neque enim blanditiis est dolorum. Voluptate natus minima et nesciunt voluptatem et. Animi laborum aut ea ratione.', 4, '2022-10-09 15:08:46', '2022-10-09 15:08:46'),
(227, 36, 'Mabel Green', 'Quo sed quam ut et sit mollitia dolor. Ut dolore doloribus cupiditate sed. Asperiores quae amet corrupti minima. Nobis omnis rem ut ex dolor.', 3, '2022-10-09 15:08:46', '2022-10-09 15:08:46'),
(228, 86, 'Josianne Marks', 'Eum ut in non nostrum. Illo cumque ea voluptas eos accusantium iure assumenda. Ipsa enim cupiditate minus dolore incidunt aspernatur. Doloribus fuga aut provident voluptatibus veritatis numquam eaque.', 3, '2022-10-09 15:08:46', '2022-10-09 15:08:46'),
(229, 44, 'Vergie Turner', 'Repudiandae a velit quo est rerum veritatis molestiae. Impedit quam dicta libero fugiat. Commodi unde et id suscipit atque.', 2, '2022-10-09 15:08:46', '2022-10-09 15:08:46'),
(230, 47, 'Dr. Reyna Harris', 'Libero voluptate eligendi ullam accusamus dolor corrupti consequatur. Ea consequatur velit iste aut. Minus dicta qui earum rerum consequatur velit.', 2, '2022-10-09 15:08:46', '2022-10-09 15:08:46'),
(231, 22, 'Mr. Joshuah Nolan', 'Non sit sed ea illo. Voluptas voluptas dolor fuga ut alias. Voluptas provident ipsam quidem cupiditate aut dolorem sapiente mollitia. Omnis placeat distinctio sunt illo ut.', 0, '2022-10-09 15:08:46', '2022-10-09 15:08:46'),
(232, 7, 'Rachel Goyette DVM', 'Et sed ullam repudiandae nihil non maxime doloribus commodi. Assumenda omnis id ut. Natus aut excepturi qui et. Dolorum non delectus eligendi veniam et dolorem aperiam.', 1, '2022-10-09 15:08:46', '2022-10-09 15:08:46'),
(233, 77, 'Sammie Gleason', 'Molestiae non perspiciatis sit fugiat cupiditate omnis. Est quasi ex ratione asperiores est ut veritatis. Ut excepturi itaque et laudantium unde. Est id veritatis et sint ut alias.', 1, '2022-10-09 15:08:46', '2022-10-09 15:08:46'),
(234, 32, 'Roslyn Muller', 'Culpa voluptatibus corporis dolor earum sunt quia magnam. Ea neque autem qui. Et veniam molestiae reiciendis voluptatem assumenda quam.', 2, '2022-10-09 15:08:46', '2022-10-09 15:08:46'),
(235, 46, 'Harmon Hudson', 'Molestias autem qui eaque placeat. Qui architecto aperiam adipisci qui distinctio asperiores velit. Qui fugiat vel sapiente non voluptas nostrum. Neque ullam ut impedit voluptatem et deserunt error.', 5, '2022-10-09 15:08:46', '2022-10-09 15:08:46'),
(236, 21, 'Bridgette Ondricka DDS', 'Voluptatem commodi enim et. Quo nisi et perferendis similique culpa dicta qui.', 0, '2022-10-09 15:08:46', '2022-10-09 15:08:46'),
(237, 63, 'Mr. Giovani Rowe', 'Aspernatur atque odio aperiam nemo facilis porro. Sequi at aut quia ratione magni perferendis. Autem nisi quas architecto provident ab aut magnam aspernatur.', 4, '2022-10-09 15:08:46', '2022-10-09 15:08:46'),
(238, 3, 'Kelly Glover', 'Quia sed pariatur et tempore. Ex dolorem ut et laborum ratione. Magnam expedita ad sit autem ea. Distinctio vero eaque distinctio dolorum.', 4, '2022-10-09 15:08:46', '2022-10-09 15:08:46'),
(239, 62, 'Anita Wolff PhD', 'Labore repellat ut aut et et. Voluptatem dolorem dolorum maiores sit. Ut exercitationem ut non.', 2, '2022-10-09 15:08:46', '2022-10-09 15:08:46'),
(240, 16, 'Salvador Berge', 'Dolorem tenetur deleniti nemo exercitationem. Aut perspiciatis optio molestiae mollitia adipisci vel. Labore quibusdam ratione fuga facere.', 5, '2022-10-09 15:08:46', '2022-10-09 15:08:46'),
(241, 93, 'Felix Adams', 'Eaque officia vitae voluptas tempora eveniet quia. Cumque consectetur facilis eos perspiciatis. Laboriosam et nemo non ipsa aut ad. Fugit aliquam dolorem id soluta. Quia eius minima quia ipsam ducimus quaerat rerum accusantium.', 2, '2022-10-09 15:08:46', '2022-10-09 15:08:46'),
(242, 64, 'Dr. Reed Kessler', 'Asperiores et et et accusantium omnis. Voluptatem neque cumque voluptatibus dolorem ut. Qui eum velit doloribus sint velit eum est cum.', 4, '2022-10-09 15:08:46', '2022-10-09 15:08:46'),
(243, 21, 'Roma Hirthe', 'Laborum aut ut delectus ipsa natus ut. Officia minus id possimus aperiam. Perferendis quia officia sint eius laudantium atque neque ut. Corrupti est non et ea enim ratione aliquam ut.', 4, '2022-10-09 15:08:46', '2022-10-09 15:08:46'),
(244, 95, 'Lindsey Crooks', 'Repudiandae eum in esse earum. Incidunt quos eum cupiditate. Consequuntur commodi est excepturi ut.', 2, '2022-10-09 15:08:46', '2022-10-09 15:08:46'),
(245, 32, 'Ramon Lynch', 'Illum dolor consequatur ut ea amet ullam asperiores. Architecto iusto sint consequatur. Sit aut neque aliquam omnis reiciendis nesciunt.', 0, '2022-10-09 15:08:47', '2022-10-09 15:08:47'),
(246, 85, 'Jacquelyn Bogisich', 'Aut voluptatem cupiditate dolor sed ullam. Est quas id enim debitis. Ea porro saepe dignissimos voluptas nemo deleniti qui. Beatae consequatur reiciendis voluptatum incidunt et aspernatur.', 2, '2022-10-09 15:08:47', '2022-10-09 15:08:47'),
(247, 95, 'Katarina Gaylord Sr.', 'Et expedita voluptatum aut esse. Est voluptatem id ut praesentium ducimus pariatur ut. Laboriosam ut laborum dolorum ut.', 0, '2022-10-09 15:08:47', '2022-10-09 15:08:47'),
(248, 51, 'Declan Feest', 'Quidem assumenda nulla aut deserunt magnam et amet. Et autem necessitatibus recusandae enim asperiores ipsum. Laudantium inventore dolores velit facere in. Accusamus rerum deleniti ea unde voluptas.', 0, '2022-10-09 15:08:47', '2022-10-09 15:08:47'),
(249, 97, 'Katarina Kovacek', 'Consequatur maiores doloremque a officia autem non. Quia ratione et earum sequi fugit corrupti autem.', 5, '2022-10-09 15:08:47', '2022-10-09 15:08:47'),
(250, 43, 'Makenna Wuckert', 'Officiis sed ducimus et nostrum voluptatem accusantium. Fuga eos est quaerat et quia consequuntur quia. Nesciunt et quidem quia. Reprehenderit dolor consequatur nemo earum quo doloremque reprehenderit quibusdam.', 3, '2022-10-09 15:08:47', '2022-10-09 15:08:47'),
(251, 91, 'Citlalli Batz', 'Sint fugiat et facere veritatis aut velit. Odio vitae consequatur velit ducimus facere non quia.', 2, '2022-10-09 15:08:47', '2022-10-09 15:08:47'),
(252, 59, 'Mr. Ryan Monahan', 'Eveniet nulla molestias iusto earum. Aut laborum odio repudiandae consequatur distinctio nisi. Id nostrum laboriosam neque laborum eos quae.', 3, '2022-10-09 15:08:47', '2022-10-09 15:08:47'),
(253, 38, 'Mr. Randi Gislason Sr.', 'Sit rerum voluptas eos modi sunt in. Sequi dolores iusto eum quia magnam qui. Exercitationem voluptas dolore adipisci perspiciatis minima aut non. Voluptatibus illum laudantium ut nihil amet occaecati rerum.', 5, '2022-10-09 15:08:48', '2022-10-09 15:08:48'),
(254, 25, 'Maximo Thiel MD', 'Distinctio ut repudiandae officia dolorem asperiores omnis. Hic voluptatibus rerum voluptatem quo. Amet consequuntur repellendus atque saepe libero eveniet nesciunt.', 3, '2022-10-09 15:08:48', '2022-10-09 15:08:48'),
(255, 5, 'Gerald Runolfsdottir', 'Placeat quaerat dolores repudiandae maxime dolor consequuntur eos illo. Omnis adipisci consectetur aut explicabo eum culpa placeat. Aliquam qui eaque aut iure natus laborum explicabo.', 1, '2022-10-09 15:08:48', '2022-10-09 15:08:48'),
(256, 36, 'Saul Littel', 'In numquam consequatur qui perspiciatis eaque qui. Adipisci ea rem deserunt eveniet ad perferendis ratione. Occaecati et eos voluptatem fugiat consectetur rerum. Expedita tempora eligendi quae cumque sit neque aspernatur. Illum molestiae nam aliquam praesentium odit voluptas id.', 2, '2022-10-09 15:08:48', '2022-10-09 15:08:48'),
(257, 68, 'Eudora Hickle', 'Incidunt itaque nulla sed ad. Necessitatibus soluta unde et aliquid.', 0, '2022-10-09 15:08:48', '2022-10-09 15:08:48'),
(258, 93, 'Albina Douglas', 'Et molestiae sed est qui. Sint mollitia sint ut quibusdam. Ut perspiciatis et non suscipit ut nam eos.', 2, '2022-10-09 15:08:48', '2022-10-09 15:08:48'),
(259, 59, 'Dr. Ralph Dooley DVM', 'Explicabo consequatur nam magnam quaerat vitae qui doloremque. Alias sed in magnam eveniet sint adipisci inventore. Debitis atque exercitationem sed.', 4, '2022-10-09 15:08:48', '2022-10-09 15:08:48'),
(260, 7, 'Myrl Nader IV', 'Rerum quis cum et tenetur. Impedit blanditiis praesentium consequatur et quam. Qui unde aliquid velit iure eius.', 3, '2022-10-09 15:08:48', '2022-10-09 15:08:48'),
(261, 60, 'Dr. Marcelino Hagenes II', 'Aperiam in vel ratione dolorum sed in. Incidunt beatae sed nisi voluptates sit. Fuga tempora dolorum corrupti hic odio illum neque repellendus. Et culpa tempore expedita quo eveniet nam.', 5, '2022-10-09 15:08:48', '2022-10-09 15:08:48'),
(262, 93, 'Pansy Nolan', 'Cum sed expedita et quo alias molestias. Consequuntur sequi ratione cumque ut. Assumenda rerum ullam omnis quidem labore. Id maxime qui provident suscipit.', 0, '2022-10-09 15:08:48', '2022-10-09 15:08:48'),
(263, 6, 'Alia Runolfsson', 'Et et ut vero enim eveniet voluptatibus eligendi. Commodi dolorem delectus autem harum et enim placeat magni. Officiis neque dolorem quae voluptatum incidunt delectus. Est dolores aliquam architecto aliquid.', 1, '2022-10-09 15:08:48', '2022-10-09 15:08:48'),
(264, 18, 'Bryon Koepp', 'Ipsa ea corporis modi culpa. Nemo similique sed sint repellat fugit quia voluptas. Minus minus reprehenderit consequuntur nam laborum. Eaque cupiditate voluptatibus eaque porro aut.', 4, '2022-10-09 15:08:48', '2022-10-09 15:08:48'),
(265, 62, 'Dr. Joany Mills', 'Odio reprehenderit cupiditate necessitatibus unde est. Quo nulla maxime et enim qui id. Molestiae magnam voluptate nisi odio consequatur. Vel recusandae delectus repudiandae fuga officiis. At ad doloremque quisquam sit.', 4, '2022-10-09 15:08:48', '2022-10-09 15:08:48'),
(266, 44, 'Khalid Franecki II', 'Et et est rem. Explicabo totam est quidem sapiente numquam ut dolorem. Nulla eaque adipisci sit mollitia dolor. Aliquid sunt sit quos sit natus aut sed.', 5, '2022-10-09 15:08:48', '2022-10-09 15:08:48'),
(267, 39, 'Deven Rowe', 'Est ducimus est aperiam esse perspiciatis sapiente sed blanditiis. Accusamus adipisci aliquam autem doloribus quibusdam exercitationem. Et natus eum vitae doloremque. Neque excepturi quasi autem quia.', 2, '2022-10-09 15:08:48', '2022-10-09 15:08:48'),
(268, 49, 'Narciso Lakin', 'Eaque velit veniam rerum impedit nihil sed eum qui. Sunt provident dolorem voluptatem voluptas. Sed ut voluptatibus perferendis hic amet. Culpa atque aut blanditiis ut rem ad maxime. Rerum nam voluptas dolorum et perspiciatis sunt architecto.', 4, '2022-10-09 15:08:48', '2022-10-09 15:08:48'),
(269, 12, 'Keeley Wintheiser III', 'Recusandae similique sunt et. Ut voluptate est qui labore neque voluptate. In facere placeat ut temporibus corrupti. Mollitia quasi quisquam est porro et quo quasi.', 5, '2022-10-09 15:08:48', '2022-10-09 15:08:48'),
(270, 57, 'Delmer Abernathy', 'Corrupti ut sed ab tenetur aspernatur vel inventore repellat. Voluptatum ipsum eligendi impedit eaque nihil molestiae. Laudantium delectus nulla nostrum.', 5, '2022-10-09 15:08:48', '2022-10-09 15:08:48'),
(271, 69, 'Miss Daniella Sporer Sr.', 'Quod voluptatem aspernatur nisi cupiditate. Ut illum voluptates recusandae quia aliquam expedita vitae. Cum consequuntur aut quia veniam. Dicta consequatur maiores ratione adipisci consectetur optio dolor.', 1, '2022-10-09 15:08:48', '2022-10-09 15:08:48'),
(272, 53, 'Vance Schowalter II', 'Id cupiditate magni ea. Porro ex officia nemo est odit id vel. Dolor enim dolorem est ea beatae corrupti. Reiciendis qui voluptates quasi ut dicta.', 1, '2022-10-09 15:08:48', '2022-10-09 15:08:48'),
(273, 49, 'Vita Haley I', 'Fugiat id quo dolorem et blanditiis consequatur. Esse alias eum perspiciatis alias perspiciatis est voluptatem. Reprehenderit tempora omnis quis necessitatibus eos.', 5, '2022-10-09 15:08:49', '2022-10-09 15:08:49'),
(274, 41, 'Dr. Monica Hilpert', 'Modi earum sint exercitationem praesentium et quo quod iusto. Omnis dignissimos accusantium minima porro voluptatem. Nemo nisi aut placeat ut ab quae est perferendis.', 4, '2022-10-09 15:08:49', '2022-10-09 15:08:49'),
(275, 99, 'Allene Cartwright', 'Pariatur minima sed aut eligendi. Voluptates enim consequatur temporibus error eos illo. Sapiente earum omnis nihil voluptatem illo error. Quas dignissimos officia neque adipisci.', 5, '2022-10-09 15:08:49', '2022-10-09 15:08:49'),
(276, 10, 'Mr. Loy Murphy DVM', 'Voluptatem rerum est rerum quasi corporis aut sit id. Harum nulla totam magnam dolores. Praesentium sunt nisi quis eos nesciunt voluptatem qui. Quas vel mollitia voluptatem nostrum rerum similique.', 3, '2022-10-09 15:08:49', '2022-10-09 15:08:49'),
(277, 35, 'Amiya Leuschke', 'Nulla sit numquam in officia. Placeat et et aut alias cumque. Nobis eius deserunt iusto quasi necessitatibus molestiae tempora.', 5, '2022-10-09 15:08:49', '2022-10-09 15:08:49'),
(278, 45, 'Dr. Elva Dicki', 'Dolorem ratione ut dolorem non. Accusantium quis error occaecati minus. Et et sit inventore sapiente soluta. Dolor blanditiis explicabo et et. Autem qui officiis dolorem ad aspernatur et officiis.', 1, '2022-10-09 15:08:49', '2022-10-09 15:08:49'),
(279, 5, 'Emmy Friesen Sr.', 'Sunt voluptatem ullam omnis omnis ad. Adipisci labore reprehenderit et saepe harum et. Voluptas quasi sapiente recusandae est. Doloribus quis consequatur ad quos eos.', 3, '2022-10-09 15:08:49', '2022-10-09 15:08:49'),
(280, 87, 'Monserrate Kunde', 'Voluptatum voluptas expedita sed qui neque aut nobis autem. Iusto asperiores hic sit delectus voluptates. Illum explicabo deleniti omnis voluptate quasi exercitationem enim.', 5, '2022-10-09 15:08:49', '2022-10-09 15:08:49'),
(281, 65, 'Prof. Julianne Kreiger IV', 'Quae laudantium sit ut nesciunt omnis quos. Aut quis corrupti rerum totam. A esse quas placeat voluptas eos.', 5, '2022-10-09 15:08:49', '2022-10-09 15:08:49'),
(282, 26, 'Jayde Jast I', 'Voluptatem qui voluptas quas aut placeat et numquam deserunt. Qui beatae qui ut tempora corrupti est ex. Blanditiis iusto qui occaecati et sapiente vel. Ipsa fuga saepe pariatur quia.', 0, '2022-10-09 15:08:49', '2022-10-09 15:08:49'),
(283, 15, 'Crystel Rice', 'Ipsam magnam nostrum nulla magni architecto itaque ut. Provident cupiditate non et quia doloribus laudantium. Quisquam soluta dignissimos deleniti animi libero consequatur repudiandae.', 1, '2022-10-09 15:08:49', '2022-10-09 15:08:49'),
(284, 66, 'Deshaun Friesen II', 'Officiis saepe nesciunt excepturi accusantium est pariatur architecto quod. Voluptates voluptatem dolor nisi quis fugiat fuga officiis.', 5, '2022-10-09 15:08:49', '2022-10-09 15:08:49'),
(285, 50, 'Breanne Murazik II', 'Voluptatem doloremque in enim. Tempora blanditiis sunt omnis inventore expedita ut perspiciatis nostrum. Est explicabo qui id laboriosam repudiandae dolor.', 1, '2022-10-09 15:08:49', '2022-10-09 15:08:49'),
(286, 54, 'Prof. Jayne Nader Sr.', 'Pariatur velit minima consectetur consequatur velit aut in. Voluptatem aut quisquam nihil nostrum. Consequatur itaque quis reprehenderit aliquid. Dolores ut repellat temporibus nostrum.', 5, '2022-10-09 15:08:49', '2022-10-09 15:08:49'),
(287, 97, 'Ismael Swaniawski', 'Repellat veniam consequuntur cum quo hic. Esse consequatur nostrum omnis quas eos.', 5, '2022-10-09 15:08:49', '2022-10-09 15:08:49'),
(288, 8, 'Kadin Heidenreich', 'Officiis totam natus voluptatem ad aut reiciendis ipsa. Ut nemo laborum et sequi ratione cupiditate earum. Alias expedita aliquam labore. Est sit voluptatem in recusandae nulla natus officia quisquam.', 4, '2022-10-09 15:08:49', '2022-10-09 15:08:49'),
(289, 56, 'Tania Bosco', 'Veniam sint aut voluptas corrupti veritatis. Placeat et repellendus voluptatibus atque hic repudiandae repellendus. Pariatur et facilis laboriosam voluptates tempore. Nobis commodi voluptatibus eligendi laudantium non sunt in.', 3, '2022-10-09 15:08:49', '2022-10-09 15:08:49'),
(290, 98, 'King Tromp', 'Modi adipisci iste ipsa autem reprehenderit dolor. Illum atque repellendus voluptates adipisci consequatur qui deleniti. Laboriosam praesentium quia corporis molestias.', 3, '2022-10-09 15:08:49', '2022-10-09 15:08:49'),
(291, 93, 'Sedrick Williamson', 'Dolores dolore qui ea aut quia esse est sed. Explicabo et alias autem tempora enim sunt. Sit incidunt libero qui fuga. Non odio et rerum sed quis quibusdam.', 2, '2022-10-09 15:08:49', '2022-10-09 15:08:49'),
(292, 33, 'Jackie Toy II', 'Facere sint est non. Earum repellendus aut alias inventore. Et ut fugit doloremque consequatur quis maxime at libero. Repellat non minus nihil itaque minus repudiandae.', 4, '2022-10-09 15:08:50', '2022-10-09 15:08:50'),
(293, 25, 'Scot Schumm II', 'Cum et repellendus quis nisi voluptate aspernatur. Sapiente cupiditate ut voluptatem quod distinctio quo deserunt commodi. Est culpa laboriosam est voluptates corrupti qui.', 1, '2022-10-09 15:08:50', '2022-10-09 15:08:50'),
(294, 36, 'Casandra Schmidt', 'Et quo voluptatem quod consequatur sed ut. Officiis qui placeat laborum unde nisi adipisci optio ab. Et nihil et omnis odit libero veritatis dolorum. Eos dolorem officia earum ipsa sint.', 5, '2022-10-09 15:08:50', '2022-10-09 15:08:50'),
(295, 96, 'Kenya Eichmann', 'Nam nulla in hic adipisci. Nihil vel accusantium et architecto perspiciatis praesentium. Et dicta quam repellat nulla. Molestiae quam natus magni totam. Quis error sed atque incidunt tenetur enim nisi.', 0, '2022-10-09 15:08:50', '2022-10-09 15:08:50'),
(296, 77, 'Herta Halvorson', 'Perspiciatis itaque itaque cum et deleniti. Sequi explicabo occaecati non assumenda minima. Exercitationem consequuntur minus hic ea facere facere. Amet et amet sint repellat.', 5, '2022-10-09 15:08:50', '2022-10-09 15:08:50'),
(297, 39, 'Mrs. Misty Prosacco', 'Magni delectus deleniti praesentium. Deleniti et porro voluptate aspernatur. Eos deserunt et necessitatibus voluptatem deleniti sed. Dignissimos eos voluptatem exercitationem laudantium qui corrupti rerum veritatis.', 2, '2022-10-09 15:08:50', '2022-10-09 15:08:50'),
(298, 75, 'Dewayne Dickinson', 'Cupiditate eaque saepe ullam placeat est qui et. Deleniti voluptatem laudantium voluptate. Odio dolorem sit itaque ad. Ullam alias totam magni.', 1, '2022-10-09 15:08:50', '2022-10-09 15:08:50'),
(299, 65, 'Josh Okuneva', 'Possimus numquam quos qui ut error. Eos optio excepturi consequuntur quia magni laboriosam. Reprehenderit eius necessitatibus est sit rerum quasi aliquam.', 1, '2022-10-09 15:08:50', '2022-10-09 15:08:50'),
(300, 62, 'Catalina Krajcik', 'Amet molestiae voluptate tenetur aut inventore explicabo. Labore in qui incidunt minima perferendis. Dolorum id excepturi ut ea at.', 2, '2022-10-09 15:08:50', '2022-10-09 15:08:50');

-- --------------------------------------------------------

--
-- Structure de la table `users`
--

CREATE TABLE `users` (
  `id` bigint(20) UNSIGNED NOT NULL,
  `name` varchar(255) COLLATE utf8mb4_unicode_ci NOT NULL,
  `email` varchar(255) COLLATE utf8mb4_unicode_ci NOT NULL,
  `email_verified_at` timestamp NULL DEFAULT NULL,
  `password` varchar(255) COLLATE utf8mb4_unicode_ci NOT NULL,
  `remember_token` varchar(100) COLLATE utf8mb4_unicode_ci DEFAULT NULL,
  `created_at` timestamp NULL DEFAULT NULL,
  `updated_at` timestamp NULL DEFAULT NULL
) ENGINE=InnoDB DEFAULT CHARSET=utf8mb4 COLLATE=utf8mb4_unicode_ci;

--
-- Index pour les tables déchargées
--

--
-- Index pour la table `failed_jobs`
--
ALTER TABLE `failed_jobs`
  ADD PRIMARY KEY (`id`),
  ADD UNIQUE KEY `failed_jobs_uuid_unique` (`uuid`);

--
-- Index pour la table `migrations`
--
ALTER TABLE `migrations`
  ADD PRIMARY KEY (`id`);

--
-- Index pour la table `password_resets`
--
ALTER TABLE `password_resets`
  ADD KEY `password_resets_email_index` (`email`);

--
-- Index pour la table `personal_access_tokens`
--
ALTER TABLE `personal_access_tokens`
  ADD PRIMARY KEY (`id`),
  ADD UNIQUE KEY `personal_access_tokens_token_unique` (`token`),
  ADD KEY `personal_access_tokens_tokenable_type_tokenable_id_index` (`tokenable_type`,`tokenable_id`);

--
-- Index pour la table `products`
--
ALTER TABLE `products`
  ADD PRIMARY KEY (`id`);

--
-- Index pour la table `reviews`
--
ALTER TABLE `reviews`
  ADD PRIMARY KEY (`id`),
  ADD KEY `reviews_product_id_foreign` (`product_id`);

--
-- Index pour la table `users`
--
ALTER TABLE `users`
  ADD PRIMARY KEY (`id`),
  ADD UNIQUE KEY `users_email_unique` (`email`);

--
-- AUTO_INCREMENT pour les tables déchargées
--

--
-- AUTO_INCREMENT pour la table `failed_jobs`
--
ALTER TABLE `failed_jobs`
  MODIFY `id` bigint(20) UNSIGNED NOT NULL AUTO_INCREMENT;

--
-- AUTO_INCREMENT pour la table `migrations`
--
ALTER TABLE `migrations`
  MODIFY `id` int(10) UNSIGNED NOT NULL AUTO_INCREMENT, AUTO_INCREMENT=7;

--
-- AUTO_INCREMENT pour la table `personal_access_tokens`
--
ALTER TABLE `personal_access_tokens`
  MODIFY `id` bigint(20) UNSIGNED NOT NULL AUTO_INCREMENT;

--
-- AUTO_INCREMENT pour la table `products`
--
ALTER TABLE `products`
  MODIFY `id` bigint(20) UNSIGNED NOT NULL AUTO_INCREMENT, AUTO_INCREMENT=101;

--
-- AUTO_INCREMENT pour la table `reviews`
--
ALTER TABLE `reviews`
  MODIFY `id` bigint(20) UNSIGNED NOT NULL AUTO_INCREMENT, AUTO_INCREMENT=301;

--
-- AUTO_INCREMENT pour la table `users`
--
ALTER TABLE `users`
  MODIFY `id` bigint(20) UNSIGNED NOT NULL AUTO_INCREMENT;

--
-- Contraintes pour les tables déchargées
--

--
-- Contraintes pour la table `reviews`
--
ALTER TABLE `reviews`
  ADD CONSTRAINT `reviews_product_id_foreign` FOREIGN KEY (`product_id`) REFERENCES `products` (`id`);
COMMIT;

/*!40101 SET CHARACTER_SET_CLIENT=@OLD_CHARACTER_SET_CLIENT */;
/*!40101 SET CHARACTER_SET_RESULTS=@OLD_CHARACTER_SET_RESULTS */;
/*!40101 SET COLLATION_CONNECTION=@OLD_COLLATION_CONNECTION */;
